item_id,updated_at,category_id,price,discount,seller_id,rating,is_available
1,2026-01-20T15:06:14+00:00,7,3690.18,0.00,79,,true
2,2025-12-18T02:50:17+00:00,14,13733.32,6.90,199,4.16,true
3,2025-12-03T03:07:48+00:00,15,21925.71,36.09,118,3.75,true
4,2026-01-23T11:11:43+00:00,13,27900.48,3.89,111,4.86,true
5,2026-01-15T07:44:40+00:00,9,9074.31,42.22,158,3.97,true
6,2026-01-15T17:48:11+00:00,15,11701.81,4.34,230,,true
7,2025-12-02T19:53:41+00:00,14,8939.30,0.00,193,4.61,true
8,2026-01-15T18:29:54+00:00,3,23613.92,0.00,229,4.47,true
9,2025-12-30T08:53:34+00:00,7,3802.63,0.00,168,4.58,true
10,2025-12-20T00:24:34+00:00,15,21223.84,29.87,201,3.90,true
11,2026-02-12T09:58:57+00:00,1,45520.01,11.66,98,3.65,true
12,2025-12-14T12:41:41+00:00,8,42749.19,26.04,128,4.02,true
13,2025-12-16T13:12:27+00:00,14,11002.84,12.06,111,4.83,true
14,2026-01-18T15:37:05+00:00,3,6002.04,0.00,56,4.19,true
15,2026-02-09T03:55:16+00:00,7,8754.75,7.09,257,3.53,true
16,2026-01-26T02:28:19+00:00,14,11760.86,0.00,130,3.64,true
17,2026-02-20T02:37:21+00:00,8,30606.78,26.78,218,4.56,true
18,2025-12-07T08:14:11+00:00,11,7144.52,0.00,130,4.85,true
19,2026-01-18T10:04:01+00:00,3,14447.08,35.73,8,3.55,true
20,2025-12-04T16:30:26+00:00,19,3369.79,0.00,249,3.68,true
21,2026-02-15T07:05:03+00:00,18,19043.03,0.00,162,,true
22,2026-02-04T00:46:52+00:00,23,19958.18,0.00,108,3.62,true
23,2026-01-11T19:22:29+00:00,6,10270.03,35.39,222,3.59,false
24,2026-02-26T02:01:28+00:00,24,62731.36,0.00,206,3.63,true
25,2026-01-21T11:23:07+00:00,12,11765.19,0.00,129,4.24,true
26,2026-01-30T05:11:38+00:00,4,68362.83,0.00,245,4.96,true
27,2026-01-09T23:12:05+00:00,4,47703.68,0.00,64,3.67,true
28,2026-01-25T19:49:32+00:00,13,6181.05,0.00,115,4.06,true
29,2025-12-27T13:47:22+00:00,9,37570.94,41.39,155,3.23,true
30,2026-02-17T03:05:39+00:00,21,7649.31,0.00,104,4.33,true
31,2025-12-20T10:31:06+00:00,6,15474.06,0.00,173,4.37,true
32,2025-12-06T00:37:12+00:00,1,38653.35,0.00,237,4.16,true
33,2026-01-19T12:18:14+00:00,20,30270.06,0.00,240,4.79,false
34,2026-01-18T05:07:03+00:00,3,11771.70,21.74,202,4.86,true
35,2026-01-01T06:37:32+00:00,10,6645.78,0.00,175,,true
36,2026-01-18T20:52:09+00:00,11,29108.90,12.84,211,4.58,true
37,2026-01-07T08:35:56+00:00,15,9182.43,0.00,163,4.89,true
38,2025-12-03T20:02:28+00:00,16,5837.90,36.07,212,3.98,true
39,2025-12-21T04:11:28+00:00,2,154663.08,20.02,164,3.70,true
40,2026-01-30T11:39:31+00:00,13,16270.54,0.00,124,3.70,true
41,2026-01-26T22:37:22+00:00,7,10928.16,0.00,44,3.76,true
42,2026-02-24T11:42:07+00:00,11,38940.87,4.14,224,3.41,true
43,2026-01-06T18:39:52+00:00,10,66733.09,0.00,107,3.51,true
44,2026-01-10T19:05:03+00:00,1,14474.33,0.00,185,4.02,true
45,2025-12-17T22:09:51+00:00,1,34825.17,0.00,19,3.42,true
46,2026-01-10T23:58:15+00:00,9,29678.12,0.00,70,,true
47,2026-02-08T12:29:07+00:00,4,19685.65,0.00,143,4.43,true
48,2026-01-29T16:28:16+00:00,20,27037.27,0.00,18,4.29,true
49,2026-02-13T05:42:14+00:00,14,8156.76,0.00,219,3.94,true
50,2025-12-30T16:22:28+00:00,2,119411.08,30.66,97,3.86,true
51,2026-02-20T21:48:00+00:00,4,23745.61,0.00,132,4.62,true
52,2026-01-19T16:55:41+00:00,12,7665.41,0.00,181,3.47,true
53,2026-02-12T16:06:42+00:00,13,20352.30,0.00,251,4.48,true
54,2026-01-29T17:14:17+00:00,13,10310.41,0.00,21,4.39,false
55,2026-01-14T13:21:19+00:00,2,104142.87,0.00,30,3.35,true
56,2026-02-04T19:59:05+00:00,6,10821.55,0.00,137,4.19,true
57,2026-02-15T22:19:35+00:00,23,101914.64,0.00,25,,true
58,2026-01-27T18:00:48+00:00,19,2402.43,0.00,166,4.98,false
59,2026-01-04T06:26:14+00:00,22,3255.79,0.00,69,4.01,true
60,2026-01-30T11:35:31+00:00,1,91942.68,41.59,93,4.54,true
61,2026-02-16T16:31:55+00:00,5,120589.92,0.00,61,3.42,true
62,2026-02-20T21:56:12+00:00,22,5632.10,0.00,211,4.17,true
63,2026-02-23T04:25:30+00:00,4,44335.52,0.00,28,4.02,true
64,2025-12-06T06:57:54+00:00,17,7553.74,33.06,46,3.72,true
65,2026-02-12T02:46:00+00:00,17,6916.26,0.00,117,4.70,true
66,2025-12-26T17:04:53+00:00,9,7673.21,41.27,179,3.62,true
67,2026-02-19T19:59:47+00:00,15,3979.43,0.00,230,4.58,false
68,2026-01-29T11:58:42+00:00,23,105921.45,37.10,100,4.80,true
69,2025-12-19T00:02:56+00:00,24,89540.63,0.00,160,,true
70,2026-02-15T19:52:40+00:00,20,30532.60,0.00,1,4.66,true
71,2026-02-13T04:02:16+00:00,16,1573.83,0.00,247,4.10,false
72,2026-01-11T08:09:20+00:00,5,125536.29,42.86,182,4.03,true
73,2026-01-03T22:03:28+00:00,14,12540.75,0.00,186,3.79,true
74,2026-01-08T19:56:13+00:00,1,88271.17,5.15,249,4.59,true
75,2025-12-30T04:26:24+00:00,12,10496.45,0.00,227,4.36,true
76,2025-12-25T14:51:56+00:00,15,5053.96,0.00,120,4.93,true
77,2026-02-14T03:19:16+00:00,6,9973.09,0.00,135,3.42,true
78,2025-12-07T20:53:32+00:00,23,10611.75,0.00,147,4.93,false
79,2025-12-10T20:35:32+00:00,7,7124.63,8.56,212,4.40,true
80,2026-01-21T14:22:29+00:00,7,8196.89,40.13,80,3.47,true
81,2026-01-11T09:32:12+00:00,4,72570.68,0.00,227,,true
82,2025-12-29T17:25:39+00:00,18,15272.27,33.12,189,3.65,true
83,2026-01-20T04:44:44+00:00,18,12261.91,0.00,155,3.29,true
84,2025-12-20T08:05:38+00:00,5,97436.71,0.00,48,,true
85,2025-12-26T15:51:00+00:00,12,11043.44,34.07,33,4.95,true
86,2026-01-25T07:27:42+00:00,11,9211.55,0.00,141,,false
87,2026-02-15T12:35:10+00:00,17,1916.74,19.02,107,3.34,true
88,2026-01-23T04:07:49+00:00,1,79280.68,7.44,182,3.26,true
89,2026-01-24T07:19:21+00:00,15,5922.01,0.00,244,4.20,false
90,2026-01-31T23:35:17+00:00,16,5874.90,10.14,31,4.41,true
91,2026-02-08T06:35:23+00:00,13,22453.51,13.60,168,4.37,true
92,2025-12-17T06:34:04+00:00,12,12202.49,8.96,143,3.90,true
93,2026-02-02T13:58:56+00:00,3,10817.96,41.71,207,4.12,true
94,2025-12-09T07:24:39+00:00,14,8878.53,11.32,59,3.61,true
95,2026-01-01T14:54:07+00:00,7,7698.00,0.00,180,,true
96,2026-01-06T14:09:57+00:00,5,67079.31,0.00,117,3.44,true
97,2026-02-22T21:49:43+00:00,11,44992.23,0.00,100,4.66,true
98,2025-12-02T09:20:46+00:00,14,13196.60,8.42,8,4.97,true
99,2026-01-14T03:07:19+00:00,24,30259.81,0.00,116,4.46,true
100,2026-01-18T08:37:56+00:00,6,12222.32,0.00,40,3.53,true
101,2026-01-04T23:30:41+00:00,18,9213.62,0.00,130,,true
102,2025-12-15T09:32:00+00:00,1,56400.40,7.58,238,4.25,true
103,2026-01-21T03:05:12+00:00,16,3309.05,22.88,171,4.66,true
104,2026-01-05T20:07:07+00:00,1,108078.35,5.17,90,3.84,true
105,2025-12-08T23:38:13+00:00,15,9608.79,4.82,141,4.51,true
106,2026-01-11T17:58:39+00:00,2,104627.89,0.00,215,4.85,true
107,2026-02-28T22:30:57+00:00,8,55662.14,30.31,253,4.07,true
108,2026-01-29T11:57:02+00:00,16,6215.32,0.00,223,4.99,true
109,2026-02-08T15:33:27+00:00,2,141497.12,0.00,207,4.92,true
110,2025-12-31T01:48:57+00:00,1,68555.54,12.59,70,4.31,true
111,2026-02-26T15:54:00+00:00,24,34624.81,35.37,70,3.43,true
112,2026-02-15T17:16:56+00:00,1,84989.15,12.36,212,4.32,true
113,2026-02-22T07:53:00+00:00,5,76843.93,39.12,12,4.95,true
114,2026-02-11T19:23:57+00:00,7,9797.16,0.00,165,3.91,true
115,2026-01-10T22:24:35+00:00,11,10327.50,5.23,189,3.47,true
116,2026-01-23T18:55:23+00:00,3,3632.07,0.00,151,4.01,true
117,2025-12-17T09:28:27+00:00,5,139954.45,0.00,238,4.06,true
118,2025-12-10T21:57:50+00:00,19,1779.66,0.00,35,,true
119,2026-01-28T20:20:12+00:00,13,10519.30,0.00,3,4.60,false
120,2025-12-14T22:55:02+00:00,23,57527.82,0.00,102,3.87,true
121,2025-12-25T08:28:14+00:00,7,8861.90,16.70,100,3.76,true
122,2026-02-21T17:09:33+00:00,10,60065.60,0.00,94,3.81,true
123,2026-02-04T02:23:19+00:00,9,20841.62,0.00,24,3.86,true
124,2026-02-12T03:31:43+00:00,12,25039.09,0.00,48,3.21,false
125,2025-12-27T12:03:07+00:00,13,29851.27,0.00,221,3.77,true
126,2026-02-22T12:22:10+00:00,24,46494.58,0.00,143,4.71,true
127,2026-02-09T12:44:14+00:00,7,1242.89,0.00,120,4.79,true
128,2025-12-09T07:05:57+00:00,14,10652.96,0.00,88,4.61,true
129,2026-02-15T00:47:44+00:00,9,21592.86,0.00,233,4.59,true
130,2025-12-29T16:11:22+00:00,13,26017.70,0.00,218,3.99,true
131,2025-12-14T00:43:43+00:00,6,16336.62,0.00,79,3.94,true
132,2026-01-29T14:17:53+00:00,15,7932.88,0.00,24,3.22,true
133,2026-02-17T19:04:42+00:00,3,28901.14,14.71,68,3.46,true
134,2025-12-02T09:30:27+00:00,9,39336.71,0.00,18,4.54,true
135,2025-12-24T02:02:38+00:00,9,47820.28,10.84,108,4.05,false
136,2025-12-15T04:50:23+00:00,3,4108.27,0.00,174,4.62,true
137,2026-01-05T15:21:21+00:00,20,2915.13,10.93,209,3.20,true
138,2026-02-26T20:44:32+00:00,1,63839.25,0.00,169,3.31,true
139,2025-12-19T03:21:07+00:00,15,18839.47,36.77,112,4.36,true
140,2026-01-28T03:44:59+00:00,12,4786.94,7.83,112,3.88,false
141,2025-12-10T15:05:23+00:00,24,57894.39,0.00,107,4.75,true
142,2026-01-27T09:28:09+00:00,2,43379.68,0.00,220,3.27,true
143,2026-01-12T19:35:15+00:00,5,64621.60,0.00,171,4.41,true
144,2026-02-03T19:19:00+00:00,17,3821.39,17.66,184,3.28,true
145,2025-12-26T20:51:48+00:00,21,5595.80,15.07,44,3.47,true
146,2025-12-27T03:04:01+00:00,17,3317.53,0.00,45,4.77,true
147,2025-12-25T11:37:12+00:00,5,39885.16,0.00,31,3.86,true
148,2026-02-26T21:46:22+00:00,18,2619.82,37.56,101,4.63,false
149,2026-02-27T16:53:47+00:00,4,12721.22,4.93,225,4.48,false
150,2026-01-12T23:25:24+00:00,7,2062.77,33.16,6,4.87,true
151,2026-03-01T16:34:13+00:00,10,32863.30,8.26,7,3.82,false
152,2026-01-09T08:34:03+00:00,17,4932.69,0.00,127,4.08,true
153,2026-02-19T10:23:32+00:00,19,1240.47,0.00,63,4.44,true
154,2026-02-07T02:39:31+00:00,12,14478.94,0.00,240,4.05,false
155,2025-12-10T10:43:27+00:00,21,12568.38,0.00,253,4.36,true
156,2025-12-21T12:15:54+00:00,6,9825.30,15.94,92,4.98,true
157,2026-02-22T03:38:39+00:00,22,6863.56,3.86,118,3.67,true
158,2026-02-25T22:32:32+00:00,23,30705.21,0.00,198,,true
159,2026-02-15T01:50:40+00:00,7,2732.80,0.00,147,,true
160,2025-12-04T15:13:19+00:00,1,28080.68,0.00,227,3.92,true
161,2026-01-14T17:56:00+00:00,24,79359.27,0.00,57,3.24,true
162,2026-02-12T01:20:04+00:00,9,13482.68,0.00,224,4.30,true
163,2025-12-25T13:23:00+00:00,22,2126.96,36.05,94,3.90,true
164,2026-02-20T02:28:30+00:00,6,17136.90,20.42,167,3.21,true
165,2025-12-29T16:37:04+00:00,6,7919.25,0.00,11,3.40,true
166,2025-12-14T05:04:07+00:00,15,20214.55,0.00,80,3.79,true
167,2026-01-12T18:59:11+00:00,1,44792.40,0.00,119,3.56,false
168,2025-12-23T11:18:51+00:00,23,47227.65,0.00,245,4.26,true
169,2026-01-11T00:58:00+00:00,15,12322.52,3.07,21,4.81,true
170,2026-02-08T17:57:20+00:00,24,28977.51,31.05,91,3.28,true
171,2025-12-04T02:10:16+00:00,16,5915.58,0.00,115,3.72,true
172,2026-01-13T04:29:09+00:00,5,25978.10,9.72,27,3.63,true
173,2025-12-20T08:23:08+00:00,15,8773.30,36.97,154,4.74,true
174,2026-02-17T04:26:02+00:00,11,22297.91,0.00,233,4.29,false
175,2025-12-03T19:34:00+00:00,9,13671.52,0.00,238,4.94,true
176,2026-02-08T11:12:29+00:00,22,10179.67,0.00,154,,true
177,2026-02-24T17:22:19+00:00,5,44688.07,0.00,146,4.50,true
178,2026-01-13T00:17:20+00:00,3,10475.77,13.58,55,4.52,true
179,2026-02-01T02:24:27+00:00,21,10802.39,0.00,242,4.09,false
180,2026-01-12T10:46:52+00:00,19,1414.64,0.00,190,3.32,true
181,2026-01-15T18:01:34+00:00,18,9566.32,15.52,228,4.29,false
182,2026-02-11T08:57:13+00:00,18,8802.42,0.00,146,3.23,true
183,2026-02-11T01:42:59+00:00,3,3084.26,0.00,100,,true
184,2025-12-07T11:48:03+00:00,2,50776.85,0.00,5,4.46,true
185,2025-12-21T08:06:52+00:00,12,17164.49,0.00,121,4.18,true
186,2026-02-22T15:09:16+00:00,13,24138.73,37.25,135,3.66,true
187,2025-12-19T11:07:23+00:00,21,12946.52,0.00,205,4.29,true
188,2026-01-10T14:25:11+00:00,7,12405.75,8.33,196,3.22,true
189,2026-02-23T15:41:54+00:00,6,4819.29,31.20,249,3.42,true
190,2025-12-18T02:15:13+00:00,5,62232.24,3.27,133,4.23,true
191,2025-12-18T14:40:36+00:00,11,38083.21,0.00,32,3.22,true
192,2025-12-13T06:03:57+00:00,23,72307.19,22.18,160,4.42,true
193,2025-12-21T01:50:07+00:00,5,103971.25,0.00,195,4.30,true
194,2026-02-27T20:04:05+00:00,3,16882.87,0.00,189,4.92,true
195,2026-02-18T00:31:36+00:00,7,12084.44,0.00,252,4.12,true
196,2026-01-21T18:23:20+00:00,18,6486.80,0.00,119,3.23,true
197,2026-02-27T13:38:52+00:00,7,10253.71,24.97,116,4.05,true
198,2026-01-27T02:03:01+00:00,19,3251.27,0.00,256,3.76,true
199,2026-01-04T14:08:15+00:00,21,2554.57,0.00,254,3.69,false
200,2026-02-28T17:33:44+00:00,11,19570.96,0.00,144,3.25,true
201,2026-01-09T21:10:30+00:00,19,2486.56,44.96,219,3.43,true
202,2026-02-20T00:55:33+00:00,11,7888.13,0.00,29,4.24,true
203,2026-01-24T01:04:24+00:00,12,19484.59,0.00,43,3.25,true
204,2026-02-23T10:32:10+00:00,17,6570.15,23.96,24,4.53,true
205,2026-02-09T22:16:06+00:00,6,15222.30,0.00,205,4.34,true
206,2026-02-11T11:53:47+00:00,6,10043.80,0.00,117,3.69,true
207,2026-02-16T14:16:05+00:00,7,3778.25,0.00,90,4.28,true
208,2026-01-20T03:37:33+00:00,10,69709.44,35.10,152,3.47,true
209,2026-02-05T08:41:47+00:00,14,3282.56,0.00,207,4.22,false
210,2026-01-02T21:35:31+00:00,9,18598.25,0.00,165,4.79,true
211,2026-02-20T23:46:23+00:00,18,12793.75,24.03,146,4.37,true
212,2026-02-24T01:58:48+00:00,14,11752.76,0.00,235,4.99,true
213,2025-12-26T22:20:44+00:00,10,12215.71,30.19,124,4.56,true
214,2026-02-12T05:39:17+00:00,8,55948.83,0.00,116,4.78,false
215,2026-01-24T20:22:57+00:00,18,14176.14,0.00,122,3.76,true
216,2025-12-29T16:10:36+00:00,9,8709.55,33.59,50,,true
217,2026-01-25T11:12:09+00:00,2,140347.68,0.00,96,3.42,true
218,2026-02-12T21:22:23+00:00,14,13123.24,0.00,47,4.26,true
219,2026-01-26T20:58:22+00:00,9,14322.95,0.00,186,4.33,true
220,2025-12-14T20:45:09+00:00,9,29598.81,9.85,117,4.43,true
221,2026-01-01T01:01:47+00:00,20,20716.68,0.00,67,3.51,true
222,2026-01-02T01:55:32+00:00,17,3746.26,19.87,160,3.79,true
223,2026-02-15T09:55:56+00:00,6,11343.17,0.00,18,3.52,true
224,2026-01-12T08:53:40+00:00,13,23349.31,0.00,93,3.65,true
225,2026-01-31T13:56:21+00:00,1,41153.68,13.69,46,,true
226,2026-01-27T07:24:22+00:00,15,13455.92,0.00,153,3.81,true
227,2026-01-12T20:51:27+00:00,16,11664.70,0.00,180,3.71,true
228,2026-01-08T22:29:24+00:00,1,89804.50,0.00,240,3.42,true
229,2026-02-28T15:43:29+00:00,21,5898.00,0.00,29,4.18,true
230,2025-12-21T13:17:20+00:00,3,15759.80,42.51,191,4.13,true
231,2026-02-10T13:36:39+00:00,22,4701.94,31.47,210,3.95,true
232,2026-01-02T17:43:59+00:00,6,14306.74,23.79,178,,true
233,2025-12-10T17:19:05+00:00,18,7163.66,0.00,34,3.68,false
234,2026-01-06T20:54:36+00:00,22,232.59,0.00,30,4.34,false
235,2026-01-16T05:04:16+00:00,19,1778.20,0.00,180,4.78,true
236,2026-02-21T07:02:53+00:00,17,5599.16,0.00,236,3.36,true
237,2025-12-02T16:16:02+00:00,24,70519.56,0.00,10,3.43,true
238,2026-02-26T22:22:05+00:00,16,14743.10,0.00,98,4.44,true
239,2026-01-13T04:14:47+00:00,12,17651.56,0.00,75,4.89,true
240,2026-02-19T10:48:59+00:00,24,5681.62,0.00,118,3.74,true
241,2025-12-16T20:13:41+00:00,12,11363.04,0.00,258,3.97,true
242,2025-12-30T21:32:01+00:00,3,24840.53,0.00,27,4.43,true
243,2025-12-09T02:01:44+00:00,17,7808.51,0.00,120,3.47,true
244,2025-12-10T17:17:18+00:00,1,28161.36,0.00,121,4.95,true
245,2026-02-10T12:32:28+00:00,13,25864.84,0.00,142,4.88,true
246,2026-01-09T20:23:12+00:00,13,7092.35,0.00,117,3.67,true
247,2026-02-19T22:24:05+00:00,24,20563.82,26.53,111,4.30,true
248,2025-12-19T23:19:07+00:00,4,65968.45,10.84,191,3.44,true
249,2026-01-20T15:19:31+00:00,1,101251.09,24.47,237,3.26,true
250,2026-02-22T06:31:18+00:00,20,21646.14,0.00,54,3.78,true
251,2026-02-25T17:52:47+00:00,24,75159.09,0.00,255,4.72,true
252,2025-12-22T16:34:13+00:00,22,7631.52,40.95,125,4.51,false
253,2026-01-13T07:29:15+00:00,7,12332.38,4.27,58,4.27,true
254,2026-02-26T04:59:07+00:00,6,7050.59,0.00,176,4.24,false
255,2026-02-19T02:49:51+00:00,12,8814.63,0.00,210,3.55,true
256,2026-01-15T03:59:06+00:00,3,10358.25,41.59,207,4.55,true
257,2026-02-25T05:50:39+00:00,17,3370.45,34.53,89,4.95,false
258,2025-12-06T17:59:58+00:00,1,105144.44,10.74,140,4.75,true
259,2025-12-25T02:56:43+00:00,6,4400.02,33.71,6,4.69,true
260,2025-12-24T22:25:44+00:00,13,26628.79,0.00,60,,true
261,2026-02-04T14:02:26+00:00,16,10605.30,11.66,40,4.97,true
262,2025-12-15T17:56:44+00:00,1,54527.15,0.00,177,3.47,true
263,2026-02-23T01:59:50+00:00,4,75086.36,0.00,73,4.46,true
264,2026-01-22T11:49:31+00:00,16,10644.31,8.27,8,3.72,true
265,2026-01-21T06:00:41+00:00,20,37456.89,0.00,56,4.77,true
266,2026-02-20T01:20:30+00:00,5,93548.85,0.00,205,3.59,true
267,2026-02-02T06:32:51+00:00,19,3173.66,0.00,181,,true
268,2026-01-31T13:13:30+00:00,15,4507.50,33.51,162,4.89,true
269,2026-01-28T15:50:18+00:00,18,8442.16,0.00,216,4.31,false
270,2026-02-27T07:52:52+00:00,13,19693.85,25.20,154,4.08,true
271,2025-12-25T08:07:13+00:00,20,37443.74,0.00,133,4.62,true
272,2026-02-09T16:27:54+00:00,13,26019.15,0.00,184,4.74,true
273,2026-02-28T02:37:09+00:00,9,46972.12,0.00,221,4.39,true
274,2026-01-21T05:34:14+00:00,9,33782.69,26.66,55,,true
275,2025-12-22T19:30:05+00:00,23,114551.87,0.00,77,3.56,true
276,2026-01-19T14:14:36+00:00,1,95906.13,0.00,85,4.24,true
277,2025-12-18T09:02:54+00:00,3,3171.93,0.00,131,4.76,true
278,2026-02-14T03:22:28+00:00,24,24635.12,32.27,89,4.78,true
279,2026-02-19T02:09:16+00:00,11,40171.24,28.59,27,4.07,true
280,2025-12-24T21:23:52+00:00,5,64009.94,0.00,147,3.35,true
281,2025-12-22T08:04:07+00:00,5,102741.81,0.00,207,3.59,true
282,2025-12-13T05:00:09+00:00,10,56509.73,0.00,129,4.40,false
283,2026-02-25T20:57:12+00:00,17,517.96,0.00,248,4.41,true
284,2026-02-23T02:04:16+00:00,7,10984.03,0.00,4,3.51,true
285,2026-01-31T19:13:13+00:00,16,8548.95,17.43,35,3.28,false
286,2026-01-02T04:34:48+00:00,23,95937.54,4.14,199,3.85,true
287,2025-12-29T11:39:52+00:00,10,30929.42,0.00,160,3.44,true
288,2026-02-18T21:27:10+00:00,1,70176.14,0.00,220,4.06,true
289,2025-12-07T14:38:00+00:00,14,5236.00,0.00,224,,false
290,2025-12-10T00:06:26+00:00,2,156204.56,33.68,57,3.66,false
291,2025-12-05T22:05:02+00:00,7,7733.90,0.00,21,4.69,true
292,2025-12-25T04:55:41+00:00,22,8930.57,15.86,101,4.01,true
293,2026-02-21T04:49:34+00:00,7,4997.16,0.00,94,3.80,false
294,2026-02-07T17:04:28+00:00,3,10025.89,0.00,105,3.64,true
295,2026-02-28T17:57:43+00:00,21,5506.18,41.52,36,4.23,true
296,2025-12-25T02:30:08+00:00,17,6971.19,0.00,11,3.22,true
297,2026-01-07T05:57:26+00:00,17,1615.54,0.00,221,3.32,true
298,2026-01-01T00:10:38+00:00,3,27438.33,39.06,65,3.86,true
299,2025-12-21T13:02:25+00:00,22,2019.78,0.00,199,3.60,true
300,2025-12-19T20:46:24+00:00,12,10716.64,0.00,82,3.97,true
301,2025-12-07T20:28:37+00:00,13,1938.98,0.00,125,4.96,true
302,2026-01-22T14:30:11+00:00,2,61958.90,0.00,158,3.30,true
303,2026-01-20T07:09:39+00:00,1,96910.69,29.07,155,3.66,true
304,2026-01-27T23:13:11+00:00,20,12221.00,21.09,238,4.17,true
305,2026-02-03T22:08:18+00:00,9,47310.28,0.00,91,4.12,true
306,2026-01-05T18:20:11+00:00,10,52052.76,30.24,25,4.83,true
307,2026-01-09T10:46:50+00:00,13,9287.81,35.05,217,4.11,true
308,2026-02-19T12:43:50+00:00,6,17311.46,0.00,115,4.91,true
309,2025-12-20T21:18:32+00:00,15,17662.71,0.00,201,4.39,true
310,2026-02-20T01:13:42+00:00,3,21044.96,0.00,90,4.96,true
311,2025-12-25T16:01:34+00:00,3,16423.31,0.00,212,4.28,true
312,2026-01-24T02:42:34+00:00,8,37063.72,0.00,228,3.68,true
313,2025-12-09T10:16:46+00:00,13,20838.51,0.00,119,4.09,true
314,2026-01-01T13:28:01+00:00,2,171718.86,0.00,138,3.22,true
315,2026-02-16T07:19:30+00:00,5,71298.53,26.88,100,3.57,true
316,2025-12-06T00:18:25+00:00,2,173929.17,3.66,22,,false
317,2026-01-01T02:08:30+00:00,12,21534.73,0.00,169,3.23,true
318,2026-03-02T04:49:19+00:00,8,42279.59,0.00,77,,true
319,2026-01-05T04:57:45+00:00,24,27606.02,0.00,106,3.81,true
320,2026-02-17T23:23:04+00:00,9,9912.54,0.00,84,3.66,true
321,2025-12-15T06:50:05+00:00,14,3712.71,10.64,87,4.65,false
322,2025-12-14T05:54:27+00:00,1,79710.66,0.00,131,3.53,true
323,2026-02-07T17:48:23+00:00,20,29172.06,0.00,158,4.53,true
324,2025-12-03T14:32:29+00:00,12,21698.06,0.00,164,3.74,true
325,2026-01-18T23:57:00+00:00,17,6069.00,0.00,190,,true
326,2026-01-24T14:46:45+00:00,24,32216.31,0.00,81,,true
327,2026-01-20T08:00:04+00:00,10,48461.89,0.00,243,4.18,true
328,2025-12-26T13:46:03+00:00,11,10606.06,0.00,209,3.73,true
329,2025-12-11T22:53:33+00:00,22,2189.43,0.00,181,4.94,true
330,2026-02-09T13:33:47+00:00,12,5660.56,5.58,36,3.97,true
331,2026-02-10T12:57:48+00:00,17,2215.46,19.95,198,4.19,true
332,2026-02-16T21:58:45+00:00,9,19703.48,36.33,2,4.81,true
333,2026-01-13T17:50:23+00:00,13,22503.18,0.00,171,3.30,true
334,2026-01-17T20:19:41+00:00,13,21989.34,0.00,138,4.53,true
335,2026-01-20T08:17:06+00:00,9,3442.20,8.66,115,4.66,true
336,2026-01-13T13:08:22+00:00,12,12669.06,0.00,159,4.27,true
337,2026-02-18T00:36:50+00:00,2,239486.59,30.02,18,4.97,true
338,2026-02-26T21:40:30+00:00,18,11748.62,0.00,88,3.30,true
339,2026-01-11T04:18:06+00:00,14,8520.71,0.00,110,3.24,true
340,2026-02-14T00:28:40+00:00,22,7308.07,0.00,51,4.92,true
341,2026-01-21T17:24:50+00:00,11,27229.29,34.82,240,4.90,true
342,2026-02-17T15:29:12+00:00,14,15515.05,27.27,72,4.81,true
343,2026-02-26T08:41:14+00:00,5,91370.00,0.00,98,3.31,false
344,2026-01-01T13:12:10+00:00,12,22202.94,0.00,257,4.35,true
345,2025-12-14T11:48:14+00:00,14,4605.67,0.00,243,4.89,true
346,2026-01-10T17:37:37+00:00,2,80955.61,38.81,24,4.61,true
347,2026-01-29T06:10:03+00:00,4,62143.58,0.00,161,4.70,false
348,2026-02-13T03:05:24+00:00,1,98875.48,0.00,101,4.58,false
349,2026-01-14T08:04:26+00:00,3,27357.39,0.00,52,3.42,true
350,2026-02-20T06:49:54+00:00,15,18105.83,0.00,171,3.62,true
351,2025-12-14T21:14:20+00:00,14,13528.06,25.64,33,4.61,true
352,2026-02-04T14:37:21+00:00,15,5921.57,35.67,175,4.78,false
353,2026-02-05T10:06:00+00:00,7,11502.89,0.00,213,4.34,true
354,2025-12-11T09:27:21+00:00,19,2791.43,29.77,140,4.47,true
355,2026-02-07T20:14:04+00:00,20,1300.53,0.00,202,4.67,true
356,2026-01-01T17:13:39+00:00,20,35374.23,0.00,145,4.31,true
357,2026-02-23T22:19:22+00:00,2,229611.86,15.85,137,4.20,false
358,2025-12-22T16:45:05+00:00,8,39672.56,0.00,229,4.42,true
359,2026-01-13T05:08:34+00:00,18,16203.56,34.66,169,3.65,true
360,2025-12-05T05:01:34+00:00,14,3444.79,0.00,93,4.27,true
361,2025-12-16T05:25:12+00:00,3,18379.83,0.00,188,3.87,true
362,2025-12-30T09:25:56+00:00,8,6115.17,0.00,8,3.94,true
363,2026-01-19T21:43:09+00:00,20,35452.03,0.00,1,4.99,true
364,2026-02-20T18:19:32+00:00,15,3409.00,0.00,195,4.57,true
365,2025-12-29T05:49:49+00:00,5,83268.17,0.00,37,4.84,false
366,2026-01-31T21:04:10+00:00,5,77434.94,21.74,173,4.31,true
367,2026-01-27T04:52:07+00:00,9,45625.90,0.00,254,4.31,true
368,2026-02-09T06:32:15+00:00,8,46182.41,20.86,236,4.35,true
369,2026-01-08T05:28:14+00:00,9,35980.86,0.00,186,3.98,true
370,2026-02-21T12:05:09+00:00,10,32411.70,0.00,153,3.92,false
371,2026-02-08T18:52:21+00:00,21,2982.16,0.00,7,4.74,true
372,2025-12-24T22:23:56+00:00,23,83083.39,0.00,138,3.81,true
373,2025-12-23T10:10:00+00:00,10,69133.54,12.13,40,3.60,false
374,2026-01-30T23:16:35+00:00,20,20262.96,0.00,225,3.33,true
375,2026-02-06T20:33:30+00:00,23,100986.40,37.17,103,4.10,true
376,2026-01-10T19:46:55+00:00,17,2741.24,0.00,73,3.93,true
377,2026-01-26T18:05:11+00:00,8,18274.28,5.75,71,3.52,true
378,2025-12-27T19:03:28+00:00,6,1739.66,0.00,82,,true
379,2026-02-09T02:43:38+00:00,21,9008.78,0.00,236,4.21,false
380,2025-12-15T05:02:59+00:00,6,9695.05,0.00,59,3.71,true
381,2025-12-10T18:17:59+00:00,7,10527.01,0.00,144,4.74,true
382,2025-12-15T23:25:18+00:00,10,68575.99,0.00,197,4.29,true
383,2025-12-17T18:24:22+00:00,12,15270.69,0.00,130,3.58,true
384,2025-12-22T15:57:36+00:00,14,15842.03,0.00,137,4.71,true
385,2025-12-22T13:00:37+00:00,3,19342.45,0.00,165,4.63,true
386,2025-12-20T06:05:28+00:00,7,11558.79,0.00,135,3.37,true
387,2026-02-06T06:05:44+00:00,15,13182.53,0.00,57,4.91,true
388,2026-02-06T09:38:13+00:00,1,72929.13,0.00,112,3.27,true
389,2026-01-31T14:36:57+00:00,11,4014.26,38.53,202,4.59,true
390,2025-12-23T08:22:13+00:00,17,1738.43,26.36,52,4.49,true
391,2026-02-25T12:19:26+00:00,4,55704.70,0.00,208,3.25,false
392,2026-01-31T13:27:34+00:00,3,8437.87,0.00,147,3.38,true
393,2025-12-21T10:39:51+00:00,23,82087.07,0.00,34,4.45,true
394,2026-01-14T01:11:11+00:00,20,34734.10,0.00,124,4.41,true
395,2026-02-20T23:01:30+00:00,14,11236.64,0.00,10,3.34,true
396,2026-02-15T15:00:43+00:00,12,27085.59,3.98,168,4.05,true
397,2026-01-19T01:41:12+00:00,2,157890.07,28.50,118,4.98,true
398,2025-12-27T23:26:59+00:00,1,77133.48,0.00,23,4.42,true
399,2025-12-31T23:45:01+00:00,10,33963.09,0.00,168,4.73,false
400,2026-01-08T03:15:58+00:00,2,90263.45,0.00,64,4.71,true
401,2026-03-01T18:13:10+00:00,10,38540.80,0.00,203,4.18,true
402,2026-01-27T23:25:31+00:00,13,25574.62,0.00,117,,true
403,2025-12-05T19:29:22+00:00,1,107104.97,0.00,138,4.57,true
404,2026-01-21T19:02:07+00:00,8,19229.97,10.33,67,3.47,true
405,2026-02-16T14:05:32+00:00,18,2060.84,0.00,207,3.32,true
406,2025-12-20T22:56:51+00:00,18,15367.76,0.00,236,4.98,false
407,2026-01-15T03:41:10+00:00,12,12647.09,0.00,108,3.52,true
408,2026-02-12T14:46:39+00:00,10,66415.55,0.00,1,4.09,true
409,2026-02-04T05:15:37+00:00,2,195846.43,0.00,44,4.35,true
410,2026-03-02T02:48:29+00:00,1,93023.74,0.00,156,4.29,false
411,2025-12-23T12:13:37+00:00,5,32522.84,0.00,240,4.06,true
412,2026-01-21T18:44:24+00:00,13,15183.45,23.84,70,3.23,true
413,2026-01-22T13:09:12+00:00,12,25237.91,0.00,227,3.46,true
414,2025-12-25T18:49:51+00:00,20,12509.77,0.00,254,4.85,true
415,2026-02-10T17:13:51+00:00,3,13396.72,0.00,79,3.94,true
416,2026-01-07T10:34:54+00:00,18,6629.95,21.97,36,4.06,true
417,2026-02-04T03:19:19+00:00,15,13296.30,0.00,178,4.59,true
418,2026-02-07T10:23:36+00:00,18,2833.74,4.36,106,3.31,true
419,2025-12-28T15:41:10+00:00,17,1522.83,35.71,241,3.61,true
420,2026-01-02T10:32:26+00:00,12,10921.88,0.00,189,3.46,true
421,2025-12-25T07:23:02+00:00,17,5713.24,0.00,1,4.39,true
422,2026-02-19T06:10:27+00:00,8,10271.33,0.00,186,4.48,true
423,2025-12-18T14:44:59+00:00,15,8689.20,0.00,42,3.49,true
424,2026-02-05T22:21:27+00:00,10,55059.81,0.00,115,,true
425,2026-01-28T20:45:56+00:00,15,20501.27,0.00,24,4.20,true
426,2025-12-25T07:57:03+00:00,9,43031.04,0.00,74,4.30,true
427,2026-02-01T14:18:07+00:00,7,7822.59,35.96,131,,true
428,2026-02-21T20:42:24+00:00,13,29076.69,0.00,108,4.19,false
429,2026-02-10T04:58:26+00:00,19,1935.03,0.00,244,3.94,false
430,2025-12-25T04:44:37+00:00,18,7430.18,4.62,14,3.59,true
431,2026-01-26T14:39:26+00:00,15,8058.32,0.00,234,3.59,true
432,2026-01-16T03:41:37+00:00,13,28351.12,10.54,41,4.48,true
433,2025-12-25T02:07:06+00:00,18,8510.30,0.00,27,4.49,true
434,2026-01-09T22:28:01+00:00,12,22160.55,6.31,97,4.53,true
435,2026-01-02T20:36:50+00:00,19,356.57,0.00,75,4.35,true
436,2025-12-31T22:22:27+00:00,14,11645.47,0.00,32,4.86,true
437,2026-02-20T21:55:51+00:00,17,5437.73,0.00,133,4.57,true
438,2025-12-29T07:05:50+00:00,12,14810.67,0.00,89,3.61,true
439,2025-12-07T09:29:07+00:00,2,129286.30,0.00,143,3.64,true
440,2026-02-12T21:50:56+00:00,12,26347.93,37.30,70,4.58,false
441,2026-02-16T04:06:10+00:00,22,9107.41,22.88,247,,true
442,2025-12-30T10:04:27+00:00,11,29081.92,0.00,129,3.64,true
443,2026-02-01T09:19:14+00:00,6,10548.28,38.06,210,3.84,true
444,2025-12-14T23:05:37+00:00,2,201277.86,0.00,132,4.40,false
445,2025-12-14T21:22:14+00:00,17,512.47,0.00,200,4.33,true
446,2026-01-24T21:51:44+00:00,1,77438.25,0.00,70,4.86,true
447,2025-12-06T09:25:31+00:00,17,5590.94,0.00,106,4.95,true
448,2026-01-29T05:35:59+00:00,6,4607.45,0.00,245,4.13,true
449,2026-01-24T00:48:47+00:00,11,15394.08,0.00,139,4.86,false
450,2025-12-21T11:59:50+00:00,20,18732.83,0.00,212,4.66,true
451,2025-12-26T03:53:29+00:00,5,21586.41,7.51,182,,true
452,2026-02-06T11:33:42+00:00,22,1636.81,0.00,181,3.79,true
453,2026-02-27T05:53:41+00:00,2,117767.74,39.35,115,4.24,true
454,2026-02-19T12:29:10+00:00,13,12939.20,0.00,194,3.24,true
455,2026-01-09T20:54:23+00:00,21,14704.46,0.00,70,3.56,true
456,2026-02-11T21:49:41+00:00,9,35487.50,4.56,97,3.28,true
457,2026-01-28T17:30:31+00:00,5,57285.92,0.00,118,,true
458,2025-12-23T17:13:13+00:00,7,3495.83,0.00,176,3.38,true
459,2026-02-16T18:36:03+00:00,5,102024.51,0.00,248,4.08,true
460,2025-12-27T09:39:36+00:00,12,23638.61,33.87,142,4.48,true
461,2026-02-16T03:37:55+00:00,14,5291.36,0.00,179,4.23,true
462,2026-03-02T06:11:03+00:00,1,97540.31,0.00,110,3.82,true
463,2026-01-29T07:35:42+00:00,7,9139.50,4.66,59,4.88,true
464,2025-12-12T23:39:28+00:00,5,17780.13,0.00,47,3.23,true
465,2026-01-13T03:05:08+00:00,11,33643.06,0.00,161,4.69,true
466,2026-01-09T22:56:10+00:00,17,7620.47,0.00,166,4.73,true
467,2026-02-06T15:14:48+00:00,10,33647.26,0.00,59,4.40,true
468,2025-12-26T21:16:19+00:00,5,22828.00,29.00,62,3.96,false
469,2025-12-08T16:46:56+00:00,18,8636.17,0.00,96,3.32,true
470,2026-02-08T00:16:07+00:00,3,29570.00,17.32,101,3.51,true
471,2026-01-10T01:59:36+00:00,11,15598.01,29.80,24,4.79,true
472,2025-12-08T17:07:28+00:00,3,2545.06,18.33,151,4.70,true
473,2026-01-09T09:34:31+00:00,4,79227.66,11.50,122,4.86,true
474,2026-02-27T11:09:31+00:00,10,68534.84,36.65,232,3.41,true
475,2026-02-11T15:44:32+00:00,7,2689.03,10.59,147,4.82,true
476,2026-01-20T23:38:05+00:00,2,184490.18,18.20,152,,true
477,2026-01-31T08:36:02+00:00,13,15372.62,0.00,84,4.51,true
478,2026-02-27T18:42:01+00:00,12,1944.84,3.77,146,4.43,false
479,2026-01-26T14:24:08+00:00,15,10000.59,0.00,239,4.92,true
480,2026-02-07T04:06:40+00:00,7,10025.32,0.00,60,3.80,true
481,2026-02-10T08:05:20+00:00,14,3514.60,7.74,139,,true
482,2026-02-04T17:16:56+00:00,14,2652.50,0.00,202,4.73,true
483,2026-02-16T18:38:21+00:00,6,1987.24,0.00,35,4.10,true
484,2025-12-18T02:09:18+00:00,15,16961.87,0.00,22,3.95,true
485,2026-01-01T19:30:21+00:00,5,110025.71,0.00,194,4.29,true
486,2026-01-18T07:12:07+00:00,11,36794.97,32.75,3,3.43,true
487,2026-01-25T11:30:25+00:00,10,7778.87,0.00,64,3.39,true
488,2026-01-25T04:20:21+00:00,11,3647.27,42.36,151,,true
489,2026-01-19T02:03:49+00:00,17,5599.42,0.00,215,3.97,true
490,2026-02-05T10:18:19+00:00,6,12258.87,0.00,73,4.27,true
491,2026-02-17T13:15:27+00:00,15,10753.05,27.55,126,5.00,true
492,2026-01-29T06:11:41+00:00,7,5815.94,3.09,148,4.38,true
493,2026-02-22T05:03:41+00:00,23,16714.45,0.00,74,3.80,true
494,2025-12-16T14:43:44+00:00,12,12019.40,33.19,246,3.37,true
495,2025-12-14T01:53:39+00:00,7,6476.80,18.28,187,3.34,true
496,2026-02-13T15:39:41+00:00,19,275.11,27.49,79,3.99,true
497,2025-12-21T15:40:01+00:00,4,34625.53,21.74,151,3.75,true
498,2026-02-04T19:19:36+00:00,16,6160.02,0.00,103,4.62,true
499,2026-02-27T02:06:56+00:00,9,2065.47,0.00,203,4.50,true
500,2025-12-23T05:40:18+00:00,1,61414.07,0.00,171,3.33,true
501,2025-12-21T19:02:41+00:00,21,5349.44,0.00,254,3.55,false
502,2026-03-01T02:36:36+00:00,1,62859.76,0.00,92,3.45,false
503,2026-01-24T16:27:54+00:00,4,40730.96,0.00,123,4.38,false
504,2026-02-05T17:55:08+00:00,8,7589.65,0.00,101,4.75,true
505,2026-01-23T08:51:23+00:00,13,22543.05,34.47,111,3.36,true
506,2026-01-01T13:23:40+00:00,16,11862.06,0.00,165,4.13,true
507,2026-01-22T02:41:56+00:00,7,5604.28,38.28,193,3.42,true
508,2025-12-08T13:14:30+00:00,14,11732.60,43.23,4,4.96,true
509,2025-12-31T05:07:52+00:00,5,103462.74,0.00,82,4.21,true
510,2026-02-03T22:19:26+00:00,1,76742.55,0.00,132,4.92,true
511,2026-01-16T13:32:39+00:00,17,4380.47,25.74,257,3.73,true
512,2026-02-23T21:07:55+00:00,1,97737.31,0.00,227,4.28,false
513,2026-01-03T16:07:28+00:00,3,19825.76,28.39,74,3.43,true
514,2026-02-19T20:59:32+00:00,5,13587.25,42.49,67,4.85,true
515,2026-02-08T15:45:48+00:00,19,709.52,0.00,167,,true
516,2025-12-27T16:28:57+00:00,3,7584.05,14.23,157,3.21,true
517,2026-02-23T16:13:45+00:00,7,7406.84,23.79,25,4.34,true
518,2025-12-11T01:16:07+00:00,19,1947.61,41.69,32,3.97,true
519,2026-01-08T21:52:46+00:00,18,18999.32,0.00,192,3.57,true
520,2026-01-08T21:50:06+00:00,2,154175.30,40.49,180,3.32,false
521,2025-12-26T08:26:59+00:00,3,6543.20,0.00,148,4.42,true
522,2026-02-05T19:38:20+00:00,12,26507.01,30.83,137,4.71,true
523,2025-12-19T15:38:35+00:00,5,123060.32,0.00,259,3.69,true
524,2026-01-09T00:39:58+00:00,5,133345.24,0.00,234,3.52,true
525,2026-02-09T13:13:44+00:00,14,5212.56,0.00,4,3.56,true
526,2026-01-31T02:22:10+00:00,7,11348.84,0.00,59,4.29,true
527,2026-02-19T12:51:12+00:00,2,200519.67,0.00,240,3.46,true
528,2026-02-22T10:46:28+00:00,18,14007.57,0.00,171,,true
529,2026-01-07T19:31:41+00:00,6,1253.81,0.00,74,3.99,true
530,2026-02-08T04:06:20+00:00,4,19506.96,0.00,149,3.69,true
531,2026-02-07T07:18:41+00:00,18,14400.84,23.41,248,3.78,true
532,2025-12-26T06:05:44+00:00,16,9089.90,0.00,230,3.43,false
533,2026-01-07T10:25:45+00:00,10,51086.49,0.00,65,4.08,false
534,2025-12-06T01:02:07+00:00,21,3282.06,0.00,224,4.61,false
535,2025-12-24T00:45:59+00:00,6,13680.74,0.00,239,4.20,true
536,2026-02-20T17:37:54+00:00,17,4885.69,0.00,235,4.95,true
537,2026-01-12T19:33:51+00:00,13,25412.52,32.81,11,3.21,true
538,2025-12-08T14:06:06+00:00,22,5627.22,24.75,197,3.86,true
539,2025-12-14T12:01:51+00:00,21,5532.49,43.45,227,,false
540,2026-02-21T21:26:59+00:00,1,101021.33,0.00,25,3.66,true
541,2025-12-29T21:23:13+00:00,20,1413.07,0.00,90,4.88,false
542,2025-12-04T10:23:47+00:00,19,605.00,12.30,219,3.59,false
543,2026-02-07T16:16:58+00:00,17,4987.33,0.00,244,3.22,true
544,2025-12-14T09:08:00+00:00,23,98771.42,36.33,41,4.82,true
545,2026-01-05T16:55:09+00:00,16,14994.84,40.09,141,4.00,true
546,2026-02-24T09:42:29+00:00,23,112394.76,0.00,22,4.22,true
547,2026-01-02T18:27:14+00:00,11,38910.43,29.61,85,4.53,false
548,2025-12-17T17:36:33+00:00,10,58533.16,0.00,106,4.10,true
549,2026-01-02T12:37:02+00:00,15,1671.93,0.00,203,4.92,false
550,2025-12-20T19:54:50+00:00,16,3247.48,0.00,170,4.79,true
551,2026-02-18T16:36:12+00:00,17,7005.29,0.00,243,4.55,true
552,2025-12-24T05:59:35+00:00,15,9385.94,44.15,105,4.59,false
553,2026-02-10T02:45:16+00:00,17,2358.98,0.00,187,4.08,true
554,2026-01-04T19:29:54+00:00,1,62007.59,38.30,94,4.69,true
555,2025-12-17T12:30:51+00:00,17,1780.38,0.00,56,3.78,false
556,2026-01-10T04:49:07+00:00,1,38671.48,28.61,74,3.85,true
557,2026-02-28T17:04:08+00:00,1,56506.09,0.00,189,3.87,true
558,2026-02-03T04:20:21+00:00,16,12401.70,0.00,160,4.26,false
559,2026-01-19T16:35:48+00:00,2,201896.79,8.64,46,4.69,true
560,2026-02-05T22:21:50+00:00,4,73545.08,0.00,53,3.26,true
561,2026-01-19T06:03:45+00:00,24,72904.12,0.00,68,3.26,true
562,2026-01-27T05:40:43+00:00,12,7241.03,0.00,169,3.47,false
563,2026-01-04T19:56:54+00:00,9,32652.24,0.00,97,4.26,true
564,2025-12-10T08:09:48+00:00,10,43174.25,0.00,246,4.44,true
565,2026-01-06T14:17:45+00:00,20,13103.30,33.02,81,3.84,true
566,2026-01-08T14:17:21+00:00,1,35828.40,8.42,158,4.48,true
567,2026-01-07T02:10:03+00:00,12,5821.28,0.00,175,,true
568,2026-01-15T05:56:00+00:00,14,15357.39,0.00,32,4.49,false
569,2025-12-02T10:05:45+00:00,18,17016.28,0.00,45,3.26,true
570,2026-01-12T19:40:21+00:00,1,55303.41,0.00,183,4.49,true
571,2026-01-13T06:51:19+00:00,20,2152.54,0.00,175,3.66,true
572,2025-12-15T03:59:00+00:00,12,19371.68,0.00,219,4.38,true
573,2026-01-30T21:05:48+00:00,13,22124.03,0.00,229,4.24,true
574,2025-12-11T15:17:58+00:00,13,29263.17,24.06,147,4.47,true
575,2026-02-24T07:47:00+00:00,13,7396.94,0.00,158,,true
576,2026-01-04T08:07:43+00:00,19,2007.18,0.00,193,4.66,true
577,2025-12-26T22:48:41+00:00,10,45740.13,0.00,256,4.66,true
578,2025-12-30T11:21:01+00:00,1,60050.86,0.00,160,4.58,true
579,2025-12-31T09:18:56+00:00,5,51832.79,15.47,99,4.86,true
580,2025-12-08T17:46:23+00:00,19,791.80,8.69,139,3.91,false
581,2026-01-18T11:31:59+00:00,3,24506.11,7.37,76,3.27,false
582,2025-12-16T00:28:39+00:00,10,38490.50,14.81,195,3.33,false
583,2026-02-02T09:55:01+00:00,2,91298.86,23.16,12,4.96,true
584,2025-12-21T15:49:24+00:00,9,39810.21,43.13,52,,false
585,2025-12-26T16:36:07+00:00,21,11905.41,44.01,260,4.11,true
586,2025-12-11T07:19:03+00:00,9,23225.78,0.00,226,3.35,true
587,2026-01-04T18:26:38+00:00,3,4726.24,41.05,120,4.12,true
588,2026-01-18T06:07:56+00:00,7,4413.14,0.00,1,4.13,true
589,2026-02-28T16:01:55+00:00,13,25161.23,26.76,122,3.57,true
590,2026-01-13T22:39:11+00:00,12,17544.95,28.00,82,4.10,true
591,2026-01-12T13:52:55+00:00,11,32197.79,0.00,200,,true
592,2026-01-06T04:19:26+00:00,13,21270.58,25.20,214,4.63,true
593,2026-01-31T23:33:50+00:00,12,3383.28,0.00,225,4.54,true
594,2025-12-27T23:18:24+00:00,5,118722.34,11.00,60,4.11,true
595,2026-01-03T07:15:48+00:00,16,11069.99,19.43,55,3.96,true
596,2026-01-08T02:22:14+00:00,23,87499.51,0.00,143,4.82,false
597,2026-02-04T09:24:31+00:00,14,11124.84,44.38,99,4.01,true
598,2026-01-01T23:43:58+00:00,7,6805.63,0.00,242,,true
599,2026-02-01T02:41:23+00:00,18,9200.93,0.00,230,3.53,true
600,2026-01-18T07:28:44+00:00,3,26754.35,0.00,94,4.13,true
601,2026-02-01T13:20:03+00:00,14,2542.82,36.48,179,3.73,true
602,2026-01-20T19:44:54+00:00,13,22129.22,37.07,29,4.38,false
603,2025-12-16T09:54:45+00:00,5,101927.15,16.69,65,3.63,true
604,2025-12-22T00:24:00+00:00,6,3491.63,0.00,48,3.63,true
605,2025-12-31T23:37:27+00:00,7,6718.11,0.00,117,4.71,true
606,2025-12-15T19:44:57+00:00,5,107158.98,0.00,38,,true
607,2025-12-24T10:19:05+00:00,10,13427.96,37.90,12,3.23,true
608,2026-02-02T00:14:57+00:00,12,2160.89,0.00,18,4.73,true
609,2026-03-01T14:38:35+00:00,23,67094.70,0.00,117,4.17,true
610,2026-01-13T18:34:16+00:00,16,14306.14,0.00,251,4.97,true
611,2026-02-06T17:11:41+00:00,23,30403.62,0.00,52,4.18,true
612,2025-12-09T10:32:49+00:00,4,78637.17,0.00,256,4.20,true
613,2025-12-09T08:53:14+00:00,2,130424.58,29.48,154,4.54,true
614,2026-02-19T17:09:57+00:00,13,14683.48,16.76,238,,true
615,2026-01-27T10:50:49+00:00,6,6879.78,0.00,259,,true
616,2025-12-17T19:15:13+00:00,24,70642.79,0.00,55,4.99,true
617,2026-01-14T21:42:12+00:00,3,24821.90,10.94,258,3.20,true
618,2026-02-05T20:56:19+00:00,23,81907.57,0.00,166,4.35,true
619,2026-02-05T14:31:07+00:00,2,228255.51,0.00,169,3.48,true
620,2026-01-16T07:20:49+00:00,3,6354.43,0.00,69,3.26,true
621,2026-02-01T19:42:03+00:00,7,1298.39,0.00,195,4.90,true
622,2026-01-22T20:39:49+00:00,5,26537.08,0.00,154,,false
623,2026-01-27T02:50:35+00:00,6,16638.25,44.33,242,4.84,true
624,2026-01-19T05:39:42+00:00,7,6985.36,39.67,168,,true
625,2026-01-22T17:46:05+00:00,15,4468.73,22.98,159,3.83,true
626,2026-02-12T15:10:13+00:00,6,11768.69,0.00,62,,true
627,2026-02-08T23:50:12+00:00,15,17125.82,32.32,199,3.53,false
628,2026-01-21T23:51:06+00:00,14,5447.30,0.00,207,4.35,false
629,2026-02-08T13:55:19+00:00,3,3650.27,0.00,57,,true
630,2025-12-12T04:08:41+00:00,3,24499.59,0.00,243,4.89,true
631,2026-02-15T18:42:03+00:00,8,53516.46,0.00,197,3.73,true
632,2026-01-30T20:30:38+00:00,8,55040.21,0.00,168,3.78,false
633,2025-12-03T14:13:07+00:00,18,7656.50,12.36,20,4.33,true
634,2026-01-29T06:00:39+00:00,14,13396.55,0.00,222,3.91,true
635,2026-01-08T23:09:40+00:00,3,15951.39,0.00,260,3.88,false
636,2026-01-02T14:11:40+00:00,17,788.17,0.00,134,4.39,true
637,2025-12-07T08:56:42+00:00,16,13659.73,0.00,104,3.70,true
638,2026-02-22T21:59:26+00:00,24,21864.69,5.85,78,4.11,true
639,2025-12-12T22:10:39+00:00,15,5405.57,0.00,161,4.18,true
640,2025-12-17T03:23:35+00:00,1,109726.29,0.00,133,4.27,false
641,2025-12-29T12:19:57+00:00,18,10116.10,14.55,237,3.58,true
642,2026-01-20T12:17:06+00:00,9,26993.70,3.12,18,3.97,true
643,2026-01-17T14:08:08+00:00,11,34682.80,7.38,157,4.15,true
644,2026-01-29T21:02:56+00:00,10,49092.11,25.69,260,4.95,true
645,2025-12-19T18:26:47+00:00,2,98342.08,0.00,213,4.03,true
646,2026-02-11T19:07:18+00:00,5,64591.21,0.00,197,3.79,true
647,2025-12-13T10:58:46+00:00,12,17624.10,12.35,180,4.62,false
648,2025-12-14T21:23:53+00:00,10,46908.97,0.00,86,4.97,true
649,2026-01-30T23:11:55+00:00,2,245369.01,0.00,141,4.12,true
650,2026-01-19T14:24:00+00:00,4,35597.04,0.00,140,4.97,true
651,2025-12-14T04:45:04+00:00,15,7509.67,0.00,33,3.53,true
652,2025-12-02T10:43:27+00:00,3,17447.84,0.00,77,3.28,true
653,2026-02-05T03:20:38+00:00,9,4468.23,0.00,138,4.79,true
654,2025-12-24T10:25:40+00:00,18,8490.65,0.00,239,3.67,false
655,2026-02-21T12:59:13+00:00,10,48736.39,0.00,245,3.39,true
656,2025-12-22T00:06:12+00:00,6,16693.51,0.00,259,3.62,true
657,2026-01-06T05:01:47+00:00,22,4607.94,0.00,11,4.49,true
658,2025-12-14T18:52:57+00:00,23,6355.07,0.00,43,4.31,true
659,2025-12-30T16:13:13+00:00,19,2513.69,0.00,84,,true
660,2025-12-22T02:39:10+00:00,21,1314.51,0.00,63,4.17,true
661,2025-12-08T21:44:49+00:00,24,48192.45,0.00,45,4.79,true
662,2026-01-05T02:58:39+00:00,9,31207.24,0.00,113,4.85,true
663,2025-12-09T04:06:10+00:00,18,17280.76,0.00,121,4.12,true
664,2026-01-05T03:05:55+00:00,17,3450.60,33.87,109,4.06,true
665,2026-02-17T13:32:12+00:00,15,1348.45,0.00,5,4.13,true
666,2025-12-06T12:22:45+00:00,6,16359.89,0.00,120,4.55,false
667,2026-02-11T10:43:22+00:00,11,26439.65,22.22,67,,true
668,2026-02-24T10:04:20+00:00,7,10158.02,0.00,87,3.80,true
669,2026-02-07T00:47:18+00:00,20,44255.28,0.00,179,4.93,false
670,2026-01-02T06:29:47+00:00,11,4497.45,0.00,152,4.80,true
671,2026-01-25T03:05:01+00:00,17,6472.77,9.22,103,4.44,true
672,2026-01-20T00:37:22+00:00,9,23863.78,9.06,35,3.61,true
673,2026-01-19T13:32:06+00:00,11,14973.92,34.55,89,4.89,true
674,2026-01-14T04:27:55+00:00,7,9858.62,0.00,161,3.33,true
675,2025-12-29T16:11:49+00:00,24,36500.85,29.71,101,4.07,true
676,2025-12-30T09:59:12+00:00,8,15832.68,24.27,111,4.38,true
677,2026-01-03T23:58:32+00:00,11,19614.00,28.35,47,3.34,false
678,2025-12-15T02:12:13+00:00,2,52205.02,0.00,111,3.83,true
679,2026-02-22T20:05:52+00:00,14,13123.57,10.10,257,4.28,true
680,2026-01-21T12:39:02+00:00,22,5597.63,39.95,121,4.10,true
681,2025-12-21T06:27:23+00:00,18,3152.49,0.00,90,3.65,true
682,2026-02-12T14:21:54+00:00,14,7417.38,3.27,24,4.61,true
683,2026-01-30T03:24:28+00:00,17,5118.83,0.00,240,4.12,true
684,2026-02-08T00:03:52+00:00,15,2629.00,0.00,205,4.97,true
685,2026-01-25T16:31:31+00:00,7,2433.20,0.00,128,3.42,true
686,2026-01-21T05:40:03+00:00,5,90716.29,0.00,209,3.42,true
687,2026-02-09T10:22:48+00:00,20,37740.39,0.00,64,4.60,true
688,2026-01-17T05:29:16+00:00,9,22240.54,0.00,35,3.62,true
689,2026-01-13T00:45:48+00:00,7,10372.69,0.00,7,4.64,false
690,2026-02-01T04:21:38+00:00,14,6074.83,0.00,224,4.85,true
691,2026-02-04T19:27:06+00:00,13,25374.40,8.62,214,4.52,true
692,2025-12-14T11:14:03+00:00,18,19902.01,0.00,34,4.61,true
693,2026-01-16T10:46:01+00:00,10,28456.87,0.00,246,3.32,true
694,2026-01-03T02:29:37+00:00,7,13559.57,27.31,251,3.75,true
695,2025-12-10T23:03:05+00:00,8,34205.78,0.00,58,3.29,false
696,2026-03-01T17:05:12+00:00,23,72934.09,0.00,100,4.35,true
697,2026-02-04T12:34:27+00:00,14,4368.32,35.32,260,3.78,true
698,2025-12-07T20:33:08+00:00,17,672.42,0.00,5,3.28,false
699,2026-02-25T21:36:21+00:00,2,216595.57,0.00,169,4.83,true
700,2026-02-07T15:22:16+00:00,22,9521.65,7.50,120,4.33,true
701,2025-12-27T22:19:30+00:00,20,25987.38,30.38,172,4.41,true
702,2026-02-05T21:26:17+00:00,3,3062.97,0.00,91,4.47,true
703,2026-01-17T20:07:58+00:00,17,1889.44,0.00,173,3.94,true
704,2025-12-04T14:17:43+00:00,3,22270.09,21.08,202,4.94,true
705,2026-01-14T11:45:16+00:00,2,119427.62,0.00,145,4.39,false
706,2025-12-20T03:42:04+00:00,1,91647.91,25.30,235,3.93,true
707,2026-02-05T17:25:19+00:00,13,7976.59,0.00,8,4.58,true
708,2025-12-05T18:43:00+00:00,1,62887.15,0.00,207,3.87,true
709,2026-01-25T22:51:50+00:00,16,7347.70,0.00,238,3.78,true
710,2026-03-02T05:46:22+00:00,24,27032.65,0.00,111,4.61,true
711,2025-12-11T14:04:53+00:00,21,12254.87,0.00,194,4.19,true
712,2026-02-14T22:45:54+00:00,6,8718.71,44.70,148,4.87,true
713,2025-12-09T09:50:58+00:00,13,7873.65,17.90,224,3.28,true
714,2026-01-17T18:17:39+00:00,9,11583.79,7.99,40,4.94,true
715,2026-02-21T15:11:32+00:00,12,12163.01,8.38,49,4.11,true
716,2025-12-17T00:30:10+00:00,2,223736.13,37.38,198,3.63,true
717,2026-01-02T17:35:57+00:00,15,4449.23,0.00,255,4.33,true
718,2025-12-27T20:35:07+00:00,21,10495.55,0.00,148,4.74,true
719,2026-01-30T15:08:25+00:00,2,89204.88,0.00,259,4.58,true
720,2026-02-01T18:11:38+00:00,15,8258.10,0.00,78,3.50,true
721,2025-12-14T22:54:58+00:00,3,9911.56,0.00,110,3.35,true
722,2026-01-04T02:13:42+00:00,13,4007.98,0.00,104,,true
723,2026-01-28T04:44:04+00:00,22,6226.29,0.00,75,,true
724,2025-12-27T14:57:51+00:00,6,14735.30,0.00,85,4.70,true
725,2025-12-03T05:42:48+00:00,11,21209.15,0.00,157,3.59,true
726,2025-12-06T03:57:17+00:00,11,4967.12,0.00,72,4.39,true
727,2026-01-19T16:43:30+00:00,16,9002.19,0.00,78,3.88,true
728,2026-02-22T20:37:09+00:00,22,4716.21,0.00,173,3.53,true
729,2026-02-08T00:52:59+00:00,17,4939.75,0.00,108,4.54,false
730,2026-01-07T06:29:46+00:00,21,5068.52,0.00,139,3.29,true
731,2026-02-26T11:20:14+00:00,11,43087.92,0.00,25,4.75,true
732,2026-02-21T08:10:24+00:00,6,1477.73,23.22,142,3.50,true
733,2026-01-05T10:16:10+00:00,22,8645.66,38.35,49,4.44,true
734,2026-03-01T23:30:04+00:00,15,21861.25,5.95,212,4.66,true
735,2026-01-18T17:39:26+00:00,13,12594.22,0.00,67,3.95,true
736,2026-01-17T22:15:04+00:00,24,76403.03,0.00,148,4.21,true
737,2025-12-19T00:23:39+00:00,4,40045.16,0.00,180,4.73,true
738,2025-12-05T17:50:02+00:00,9,11659.77,35.30,22,3.54,true
739,2026-02-15T19:30:11+00:00,8,43302.69,4.41,78,,true
740,2025-12-16T10:45:40+00:00,14,9792.51,0.00,82,3.91,true
741,2026-02-26T13:53:07+00:00,13,15962.44,0.00,157,4.55,true
742,2025-12-19T02:51:47+00:00,15,15310.67,0.00,207,3.55,false
743,2026-01-31T09:53:39+00:00,18,12659.94,0.00,15,4.13,true
744,2025-12-25T00:16:27+00:00,22,4164.50,0.00,45,4.94,true
745,2026-01-25T07:38:51+00:00,2,145528.14,0.00,172,3.35,true
746,2026-02-09T18:57:59+00:00,1,96104.02,0.00,136,4.21,true
747,2025-12-18T14:48:29+00:00,6,1575.86,22.66,212,,true
748,2026-01-25T10:40:46+00:00,6,10206.28,34.28,235,3.72,true
749,2025-12-23T20:25:42+00:00,16,3145.26,0.00,74,,true
750,2025-12-15T19:27:27+00:00,10,37814.15,0.00,163,4.38,true
751,2026-01-06T02:29:36+00:00,20,25134.95,18.16,174,3.81,true
752,2025-12-27T07:18:41+00:00,8,21429.81,27.27,131,3.99,false
753,2025-12-25T22:44:17+00:00,15,11429.22,0.00,148,3.32,true
754,2026-01-05T21:14:38+00:00,12,18639.38,43.50,77,4.69,true
755,2026-01-13T03:10:04+00:00,9,18774.72,0.00,101,4.87,true
756,2026-02-23T22:35:15+00:00,22,9055.96,0.00,38,3.65,true
757,2025-12-15T18:55:16+00:00,23,31134.08,0.00,255,3.60,true
758,2025-12-16T10:03:05+00:00,14,7052.41,0.00,227,,true
759,2025-12-06T00:34:32+00:00,3,27592.31,0.00,175,4.76,true
760,2025-12-31T23:56:52+00:00,8,31002.50,0.00,105,3.87,false
761,2026-02-10T06:47:53+00:00,1,93829.83,0.00,194,4.53,true
762,2026-01-23T13:07:04+00:00,15,11624.60,0.00,209,3.24,true
763,2025-12-24T22:54:50+00:00,12,13067.63,11.65,182,4.85,true
764,2025-12-20T00:45:00+00:00,17,6439.39,0.00,195,3.33,true
765,2026-01-16T15:47:47+00:00,10,19962.13,0.00,153,4.33,true
766,2025-12-18T03:09:19+00:00,5,30169.79,0.00,115,3.66,true
767,2026-01-27T06:48:16+00:00,3,13761.01,0.00,164,4.57,true
768,2026-01-13T05:41:24+00:00,22,11793.69,42.75,10,3.68,true
769,2026-01-31T19:52:38+00:00,17,6100.88,5.44,227,4.05,true
770,2026-03-01T09:56:07+00:00,14,2118.90,0.00,30,4.37,true
771,2025-12-07T01:47:15+00:00,18,939.00,0.00,195,4.86,true
772,2026-01-24T07:18:02+00:00,5,44589.41,0.00,77,4.07,true
773,2026-01-05T18:38:33+00:00,16,3473.21,0.00,227,3.47,true
774,2026-01-23T01:31:50+00:00,1,47129.39,16.09,22,4.64,true
775,2026-01-17T04:15:43+00:00,2,187046.29,0.00,119,4.40,true
776,2025-12-07T19:41:46+00:00,23,74843.69,0.00,78,4.07,true
777,2026-01-16T15:26:08+00:00,18,13103.15,0.00,24,3.91,false
778,2026-02-10T15:00:39+00:00,6,5508.38,33.10,182,4.49,true
779,2026-01-06T01:31:33+00:00,5,25081.84,0.00,242,4.66,true
780,2025-12-04T20:14:46+00:00,3,27643.61,0.00,194,4.33,true
781,2025-12-14T15:23:30+00:00,2,176576.89,8.58,178,3.47,true
782,2025-12-29T13:25:27+00:00,5,77200.22,16.20,159,4.84,true
783,2026-02-28T09:54:21+00:00,19,1249.12,0.00,159,4.09,true
784,2026-02-07T13:36:10+00:00,2,44031.12,0.00,87,3.31,true
785,2026-02-21T02:18:21+00:00,15,2657.64,0.00,85,,true
786,2026-01-31T18:35:33+00:00,12,26118.74,8.36,208,4.30,false
787,2026-01-17T03:54:37+00:00,3,16704.38,0.00,189,4.50,true
788,2026-01-09T18:19:04+00:00,11,31147.03,32.74,150,3.97,true
789,2026-02-15T13:45:24+00:00,6,3516.39,40.81,207,3.65,true
790,2026-01-04T16:14:57+00:00,21,9274.54,41.41,68,3.80,true
791,2025-12-04T20:31:05+00:00,9,3879.02,33.23,84,3.37,true
792,2025-12-26T03:12:23+00:00,7,10123.03,0.00,53,4.28,true
793,2026-02-12T17:49:13+00:00,22,7172.59,26.86,240,3.44,true
794,2026-01-26T14:01:11+00:00,19,2018.62,0.00,60,4.19,true
795,2025-12-31T14:07:41+00:00,14,2475.69,25.66,256,4.89,true
796,2026-02-14T06:07:05+00:00,5,12843.60,0.00,24,4.51,true
797,2026-01-01T23:30:06+00:00,9,30084.71,3.25,178,3.92,false
798,2025-12-16T13:10:50+00:00,8,48491.37,0.00,155,4.34,true
799,2026-01-11T15:11:16+00:00,14,6676.38,0.00,78,3.71,true
800,2025-12-31T13:23:46+00:00,16,13536.21,0.00,28,4.40,true
801,2026-01-04T00:49:22+00:00,9,49184.32,0.00,82,3.89,true
802,2026-01-26T10:08:02+00:00,10,26690.31,0.00,44,,true
803,2025-12-29T23:22:38+00:00,15,5389.84,0.00,207,4.38,true
804,2025-12-29T20:56:34+00:00,15,12121.31,0.00,243,3.57,true
805,2026-02-03T20:52:21+00:00,4,45786.09,35.05,197,3.48,true
806,2025-12-06T08:15:11+00:00,20,24117.26,0.00,162,3.30,true
807,2025-12-23T03:49:29+00:00,23,3163.83,0.00,72,4.42,true
808,2026-02-07T23:11:46+00:00,19,1416.95,0.00,223,,true
809,2026-01-12T19:10:21+00:00,23,112546.69,0.00,107,,true
810,2026-01-02T14:52:35+00:00,13,23052.09,0.00,17,4.01,true
811,2026-02-14T02:56:33+00:00,1,87515.22,0.00,65,3.38,false
812,2026-02-23T22:00:26+00:00,6,8841.19,0.00,113,3.49,true
813,2026-01-08T03:38:29+00:00,6,12042.27,0.00,70,,true
814,2026-02-24T02:02:18+00:00,18,17564.88,0.00,105,4.70,true
815,2026-02-28T23:49:58+00:00,7,3574.33,0.00,260,4.38,true
816,2026-01-12T02:43:46+00:00,16,8063.54,0.00,153,3.65,true
817,2026-02-12T03:19:44+00:00,5,94925.60,19.57,10,3.29,true
818,2026-01-02T16:21:02+00:00,20,13759.22,38.96,116,4.37,true
819,2025-12-15T17:41:59+00:00,1,51564.49,0.00,118,3.86,true
820,2025-12-10T13:32:03+00:00,2,155499.79,0.00,92,4.63,true
821,2026-01-07T16:32:37+00:00,17,1323.22,13.71,65,3.43,true
822,2026-01-30T09:54:01+00:00,23,115321.22,0.00,148,4.71,true
823,2026-01-19T01:33:08+00:00,8,22655.03,15.95,214,4.94,false
824,2025-12-11T11:46:46+00:00,19,2815.34,0.00,63,3.78,true
825,2026-02-13T16:58:27+00:00,6,6908.61,0.00,161,4.52,true
826,2026-02-14T11:39:35+00:00,4,64459.85,0.00,131,3.77,false
827,2025-12-07T00:08:09+00:00,20,4753.75,0.00,99,3.97,true
828,2025-12-17T03:17:05+00:00,2,109779.53,37.10,64,3.30,true
829,2026-02-07T08:38:05+00:00,22,330.78,0.00,29,4.47,true
830,2026-01-09T18:02:35+00:00,20,43170.94,0.00,8,4.64,true
831,2025-12-26T23:51:28+00:00,4,62508.66,0.00,159,3.74,true
832,2026-01-30T19:36:23+00:00,22,3636.89,0.00,20,4.61,false
833,2026-02-05T07:06:03+00:00,3,26836.79,0.00,45,3.54,true
834,2026-02-09T17:45:23+00:00,7,8447.53,0.00,73,3.27,true
835,2026-01-30T08:36:16+00:00,19,1551.67,22.31,15,3.23,true
836,2026-01-09T05:54:19+00:00,6,2882.03,0.00,230,3.91,true
837,2026-01-23T22:31:47+00:00,11,3933.48,0.00,139,4.53,false
838,2026-02-06T06:28:00+00:00,6,10821.24,0.00,173,4.05,false
839,2026-01-08T06:09:02+00:00,4,77380.98,0.00,58,4.42,true
840,2026-01-28T15:09:38+00:00,17,7386.12,0.00,135,3.40,true
841,2026-01-15T02:30:15+00:00,2,52115.13,26.14,253,,true
842,2026-02-25T21:55:08+00:00,7,5217.37,0.00,158,4.11,false
843,2025-12-04T07:38:15+00:00,2,114137.53,0.00,181,4.07,false
844,2026-03-01T19:09:31+00:00,5,69946.64,0.00,245,3.86,true
845,2025-12-06T18:23:17+00:00,6,8339.28,0.00,33,4.35,false
846,2026-01-15T14:54:26+00:00,18,12110.08,0.00,247,4.55,true
847,2025-12-14T12:56:56+00:00,10,50201.57,0.00,213,3.96,true
848,2025-12-09T11:40:23+00:00,1,79207.71,0.00,179,3.91,false
849,2026-02-28T01:42:27+00:00,11,16369.56,0.00,230,4.34,true
850,2026-01-03T01:17:28+00:00,8,53727.82,0.00,177,3.39,true
851,2025-12-25T14:09:01+00:00,20,29539.46,7.19,34,3.84,true
852,2025-12-13T06:54:05+00:00,13,12308.21,0.00,186,3.93,true
853,2026-02-07T21:49:11+00:00,3,27902.78,26.86,152,3.89,true
854,2026-01-12T13:50:44+00:00,8,39759.12,0.00,168,4.79,true
855,2025-12-03T14:57:37+00:00,9,24768.27,0.00,198,3.28,true
856,2026-02-08T15:59:11+00:00,5,35452.44,0.00,228,3.26,true
857,2026-03-01T07:00:20+00:00,11,33427.52,29.08,98,4.12,true
858,2025-12-25T04:26:58+00:00,9,22058.81,0.00,39,,true
859,2026-02-02T23:36:07+00:00,18,15738.73,0.00,110,4.72,true
860,2026-02-15T16:57:45+00:00,8,12681.97,0.00,1,3.70,true
861,2026-01-02T14:15:29+00:00,1,63341.19,20.67,129,3.82,false
862,2026-02-08T12:36:33+00:00,2,230082.42,0.00,11,3.69,true
863,2025-12-19T04:14:15+00:00,2,77086.84,0.00,3,4.94,true
864,2026-01-22T14:44:09+00:00,22,8153.73,0.00,206,4.80,true
865,2026-02-01T03:19:03+00:00,24,33413.43,0.00,145,3.57,true
866,2026-02-18T04:44:05+00:00,5,126519.91,0.00,250,4.30,true
867,2026-02-11T18:51:51+00:00,1,68170.60,11.59,84,3.47,true
868,2026-02-28T01:09:13+00:00,13,28715.87,0.00,222,3.62,true
869,2026-02-23T04:50:52+00:00,6,11883.90,0.00,99,3.34,true
870,2025-12-04T08:29:04+00:00,23,53158.53,0.00,106,3.90,true
871,2026-02-06T12:08:44+00:00,14,7510.70,0.00,105,3.38,true
872,2025-12-21T15:41:38+00:00,20,29259.43,31.86,6,3.99,true
873,2025-12-26T18:26:40+00:00,19,2496.85,0.00,45,3.71,true
874,2025-12-26T14:36:24+00:00,11,22477.61,34.82,248,4.00,true
875,2025-12-26T03:28:19+00:00,17,2330.52,0.00,213,3.51,true
876,2025-12-22T23:57:43+00:00,13,8138.39,5.30,148,4.36,true
877,2026-02-27T00:20:59+00:00,12,22733.54,31.33,36,4.46,false
878,2026-01-30T10:39:05+00:00,19,1149.67,3.82,246,3.54,true
879,2025-12-08T02:33:00+00:00,23,111106.24,21.90,95,4.57,true
880,2026-01-19T07:42:05+00:00,13,25541.51,37.07,170,3.25,true
881,2026-01-31T04:02:27+00:00,8,44533.33,25.10,68,4.73,false
882,2025-12-11T16:38:23+00:00,20,15678.57,0.00,190,4.43,true
883,2026-02-25T12:35:45+00:00,16,9861.63,0.00,119,4.37,false
884,2025-12-19T02:41:29+00:00,23,29330.04,0.00,159,4.63,true
885,2026-01-26T13:49:27+00:00,1,56709.89,0.00,238,4.69,true
886,2026-01-21T09:19:25+00:00,15,12311.73,0.00,198,4.35,true
887,2025-12-07T22:50:08+00:00,16,5981.93,35.40,6,3.37,true
888,2025-12-10T22:51:45+00:00,24,19243.02,0.00,80,3.73,true
889,2026-01-08T20:51:34+00:00,15,18114.86,0.00,174,3.93,true
890,2026-02-22T02:15:26+00:00,9,28734.79,21.10,130,4.09,true
891,2026-01-24T08:27:34+00:00,5,88229.43,0.00,8,,true
892,2026-01-18T10:09:23+00:00,14,3426.19,24.71,6,4.03,true
893,2026-02-11T07:50:23+00:00,3,6848.17,21.95,220,4.10,true
894,2026-01-16T10:39:40+00:00,10,38356.71,37.21,235,4.01,true
895,2026-01-03T14:31:04+00:00,4,47804.79,23.07,75,3.67,true
896,2026-02-07T06:42:40+00:00,3,7204.84,0.00,200,,true
897,2026-02-09T09:48:41+00:00,7,12402.52,0.00,142,3.27,true
898,2026-01-13T18:41:48+00:00,2,46533.52,0.00,123,3.80,true
899,2026-01-22T16:20:32+00:00,15,11410.91,0.00,217,4.31,true
900,2026-02-28T01:44:30+00:00,14,1488.38,0.00,120,4.44,true
901,2026-02-20T09:02:30+00:00,24,23114.78,0.00,179,,true
902,2025-12-03T17:42:38+00:00,5,78784.36,0.00,210,4.76,true
903,2026-02-27T04:46:57+00:00,12,15241.02,0.00,81,4.12,true
904,2026-01-26T21:07:37+00:00,1,105675.18,5.85,46,4.05,true
905,2026-01-06T16:10:51+00:00,13,16742.74,13.73,59,4.99,true
906,2025-12-10T20:33:12+00:00,19,1364.00,0.00,88,3.99,true
907,2026-02-01T19:42:52+00:00,10,27877.87,0.00,203,3.88,true
908,2025-12-23T17:54:44+00:00,9,8615.87,0.00,140,,true
909,2026-01-18T19:36:48+00:00,15,19904.49,19.11,180,4.29,true
910,2026-02-03T10:47:24+00:00,3,26267.21,0.00,83,4.26,true
911,2025-12-15T04:46:53+00:00,13,18367.03,0.00,220,4.39,true
912,2025-12-08T05:35:02+00:00,8,31721.05,22.39,7,3.42,true
913,2026-02-23T14:47:17+00:00,18,7810.98,0.00,46,4.20,true
914,2026-02-22T12:15:16+00:00,10,8422.78,20.77,109,3.96,true
915,2026-02-25T00:39:50+00:00,8,30209.25,0.00,215,3.38,true
916,2025-12-05T00:02:34+00:00,10,17659.75,0.00,12,4.89,true
917,2026-01-31T20:22:04+00:00,11,23165.49,0.00,108,4.94,true
918,2026-01-19T05:30:20+00:00,20,9356.55,41.04,154,3.42,false
919,2026-02-03T06:43:03+00:00,17,7013.49,0.00,17,3.44,true
920,2026-01-06T20:27:46+00:00,9,10048.39,0.00,79,3.49,true
921,2025-12-03T12:02:44+00:00,24,88699.06,0.00,96,4.81,true
922,2026-01-10T17:16:52+00:00,24,50647.87,0.00,139,3.63,false
923,2026-01-15T02:49:45+00:00,5,126790.14,0.00,124,4.58,true
924,2025-12-06T19:38:53+00:00,17,5451.94,0.00,25,3.23,true
925,2026-02-11T11:06:13+00:00,23,91811.49,0.00,40,3.29,true
926,2026-02-01T16:54:05+00:00,16,7082.16,18.24,137,4.09,true
927,2025-12-28T03:24:55+00:00,13,21523.49,41.94,163,3.80,true
928,2025-12-20T20:31:30+00:00,20,21499.43,0.00,182,4.81,true
929,2026-01-05T08:24:34+00:00,3,21032.47,0.00,132,,true
930,2026-01-22T08:01:35+00:00,15,5461.80,22.66,8,4.25,true
931,2026-02-19T15:54:50+00:00,17,2399.99,0.00,132,4.78,false
932,2026-01-01T11:42:58+00:00,3,23010.68,0.00,8,4.89,true
933,2026-02-28T00:15:36+00:00,16,9128.60,0.00,158,3.28,true
934,2026-01-18T23:50:02+00:00,18,3255.86,0.00,230,,true
935,2026-01-22T18:31:55+00:00,9,31698.27,0.00,243,4.48,true
936,2025-12-18T14:13:59+00:00,10,53502.88,0.00,187,4.47,true
937,2026-01-30T22:19:08+00:00,5,65775.85,3.75,155,4.89,true
938,2026-02-12T01:06:53+00:00,17,7372.73,0.00,72,4.56,false
939,2026-01-03T06:54:55+00:00,17,7758.77,0.00,124,4.24,true
940,2025-12-02T11:52:33+00:00,21,7658.00,0.00,98,3.24,true
941,2026-02-19T03:38:15+00:00,17,319.82,0.00,42,4.74,false
942,2026-01-30T22:20:01+00:00,13,11050.94,0.00,140,3.46,true
943,2026-01-19T11:43:30+00:00,4,71201.29,0.00,241,4.60,true
944,2026-02-18T17:25:07+00:00,15,5186.64,0.00,169,3.25,true
945,2026-02-15T23:08:58+00:00,15,14271.79,0.00,260,4.22,true
946,2025-12-09T20:14:24+00:00,2,211731.91,43.83,59,3.61,true
947,2025-12-25T05:46:34+00:00,11,2662.95,0.00,165,,true
948,2026-02-15T08:18:09+00:00,23,62980.29,0.00,73,3.58,true
949,2026-01-03T07:54:35+00:00,11,5160.58,29.88,107,4.11,true
950,2025-12-23T20:24:05+00:00,18,1289.34,28.60,243,4.39,false
951,2026-02-14T19:50:47+00:00,3,9670.47,0.00,118,3.78,true
952,2026-01-14T01:12:51+00:00,10,68211.07,0.00,218,4.60,true
953,2026-01-03T02:33:33+00:00,2,81731.74,0.00,259,3.95,true
954,2025-12-14T07:31:44+00:00,15,20321.91,34.07,153,4.02,true
955,2026-01-15T12:18:51+00:00,5,133555.78,0.00,24,4.57,true
956,2026-01-28T17:18:48+00:00,2,212413.45,0.00,24,5.00,true
957,2025-12-26T12:49:42+00:00,23,45077.18,35.08,259,4.03,true
958,2025-12-06T04:45:10+00:00,9,42651.23,0.00,153,4.46,true
959,2026-01-13T03:10:36+00:00,2,227597.14,0.00,101,,true
960,2026-02-23T21:38:24+00:00,19,1363.14,29.45,163,3.51,false
961,2026-02-06T12:02:26+00:00,9,46092.80,19.88,144,3.53,true
962,2025-12-10T02:04:12+00:00,4,75818.91,0.00,192,4.85,true
963,2026-01-22T14:55:06+00:00,12,4951.33,41.77,250,4.69,true
964,2025-12-08T21:49:39+00:00,14,10747.40,0.00,161,4.29,false
965,2026-02-20T20:29:28+00:00,9,5653.62,0.00,181,4.42,true
966,2025-12-15T10:30:42+00:00,22,2966.47,0.00,49,4.25,true
967,2026-02-23T11:31:22+00:00,3,7893.87,0.00,249,5.00,true
968,2026-01-29T07:09:14+00:00,10,27401.24,4.38,226,4.45,true
969,2026-02-17T03:11:30+00:00,4,36092.79,0.00,31,3.65,true
970,2025-12-29T11:46:37+00:00,17,4206.24,9.39,157,4.94,true
971,2026-02-22T03:55:07+00:00,17,5760.55,0.00,115,3.94,true
972,2025-12-04T02:47:22+00:00,10,19720.70,0.00,105,4.54,true
973,2026-02-09T04:23:14+00:00,16,1229.91,41.54,254,3.77,true
974,2025-12-14T05:48:52+00:00,9,17458.68,35.87,56,4.17,true
975,2026-02-27T09:55:08+00:00,18,7267.97,0.00,254,,true
976,2026-01-13T01:51:36+00:00,7,1613.80,0.00,223,3.20,false
977,2026-02-10T06:29:56+00:00,18,14191.10,0.00,93,3.89,true
978,2026-01-24T17:09:29+00:00,17,7238.92,33.52,171,4.52,true
979,2025-12-14T19:19:31+00:00,9,38691.71,0.00,53,3.51,true
980,2026-02-13T03:32:39+00:00,1,72036.88,0.00,108,3.60,true
981,2026-01-04T08:51:25+00:00,5,71431.08,0.00,88,3.54,true
982,2025-12-26T16:57:59+00:00,24,11031.78,7.91,121,4.47,true
983,2026-01-19T01:22:37+00:00,15,17053.30,7.80,250,3.97,true
984,2026-01-08T22:54:35+00:00,21,12900.55,0.00,159,4.51,true
985,2026-02-12T15:18:53+00:00,22,4015.76,9.77,17,4.52,true
986,2026-01-09T13:18:28+00:00,7,3354.97,3.18,144,3.52,true
987,2026-01-14T04:05:57+00:00,19,1097.33,0.00,259,4.58,true
988,2026-02-11T15:08:11+00:00,12,18652.28,27.49,7,4.83,true
989,2025-12-08T10:40:02+00:00,1,78042.14,0.00,98,4.73,true
990,2025-12-29T02:20:39+00:00,3,27326.79,0.00,252,3.76,false
991,2026-02-08T14:23:21+00:00,3,10515.60,44.33,185,4.90,true
992,2026-02-28T02:46:54+00:00,16,3753.90,0.00,112,3.80,true
993,2025-12-03T15:50:17+00:00,1,87109.36,12.34,138,4.05,true
994,2025-12-16T18:00:31+00:00,8,30066.00,22.35,167,3.71,true
995,2026-02-23T05:01:30+00:00,10,28505.95,0.00,71,4.95,true
996,2026-02-25T20:18:06+00:00,22,7806.86,0.00,245,4.54,true
997,2025-12-07T15:24:24+00:00,1,76688.60,0.00,205,3.79,true
998,2025-12-14T20:18:55+00:00,1,27760.22,0.00,41,3.23,true
999,2026-02-02T23:25:45+00:00,17,4753.43,28.78,257,3.87,false
1000,2026-02-16T12:38:12+00:00,18,13496.59,16.48,37,3.46,true
1001,2026-02-05T08:28:52+00:00,23,7712.14,39.74,28,4.96,true
1002,2026-02-13T03:47:42+00:00,11,23821.62,0.00,240,3.67,true
1003,2026-02-13T18:54:01+00:00,16,5509.75,0.00,129,,true
1004,2026-02-24T10:32:10+00:00,1,20763.70,31.88,249,4.57,true
1005,2026-01-24T06:23:20+00:00,16,10049.90,31.21,43,4.10,false
1006,2026-01-29T23:33:16+00:00,5,66443.59,0.00,205,4.24,true
1007,2025-12-13T12:52:02+00:00,6,16476.15,0.00,100,3.25,false
1008,2026-02-19T22:14:30+00:00,2,175054.87,0.00,158,4.32,true
1009,2025-12-15T04:10:45+00:00,9,15203.45,0.00,247,4.02,true
1010,2025-12-19T07:01:26+00:00,20,22441.94,0.00,176,4.48,true
1011,2026-01-18T03:01:18+00:00,3,24440.99,0.00,174,3.33,true
1012,2026-01-21T10:31:34+00:00,1,74289.19,0.00,96,3.77,true
1013,2026-02-17T00:01:56+00:00,6,7683.70,0.00,156,3.93,true
1014,2026-01-21T01:49:51+00:00,20,8332.21,0.00,237,4.08,true
1015,2026-01-15T14:43:50+00:00,12,4259.47,0.00,191,4.85,false
1016,2025-12-22T06:00:53+00:00,19,895.74,0.00,45,3.58,true
1017,2026-01-26T03:04:28+00:00,20,20811.18,42.33,222,4.67,true
1018,2025-12-18T08:29:54+00:00,13,21570.70,0.00,59,3.39,true
1019,2026-01-24T18:46:14+00:00,2,135380.14,0.00,175,3.64,true
1020,2026-01-06T17:47:50+00:00,2,73326.01,0.00,212,4.18,false
1021,2026-01-09T10:24:02+00:00,13,23535.74,0.00,98,3.75,true
1022,2025-12-13T15:16:43+00:00,1,72750.46,0.00,249,4.13,true
1023,2025-12-05T09:13:12+00:00,6,6772.59,37.18,180,4.49,false
1024,2026-02-17T03:03:17+00:00,4,70492.91,33.48,234,3.21,true
1025,2026-01-15T14:02:24+00:00,3,5290.68,0.00,81,3.23,true
1026,2026-02-01T09:24:52+00:00,23,26472.36,0.00,30,4.47,true
1027,2025-12-21T07:33:43+00:00,3,5273.18,36.74,64,4.72,true
1028,2026-01-16T07:36:15+00:00,3,16259.23,38.82,170,3.65,true
1029,2026-02-04T15:26:58+00:00,1,54637.49,0.00,223,4.15,true
1030,2026-02-04T08:05:16+00:00,2,191750.24,0.00,186,3.80,true
1031,2026-02-18T12:44:44+00:00,19,863.86,0.00,156,4.45,false
1032,2026-01-16T06:50:16+00:00,15,4641.33,0.00,156,3.61,true
1033,2026-01-19T01:45:44+00:00,2,195569.95,43.88,37,4.12,true
1034,2026-02-23T09:03:12+00:00,9,38554.98,0.00,12,4.38,true
1035,2026-02-01T02:41:33+00:00,12,17828.87,0.00,155,,true
1036,2026-02-01T11:27:18+00:00,16,6267.09,0.00,172,4.54,true
1037,2025-12-25T13:59:48+00:00,19,1454.10,19.81,237,,true
1038,2025-12-31T02:37:29+00:00,1,72029.40,0.00,48,3.70,true
1039,2026-01-17T01:33:24+00:00,3,8092.63,17.45,249,3.72,true
1040,2026-02-19T08:48:39+00:00,16,12411.03,0.00,63,3.84,true
1041,2026-01-04T05:36:44+00:00,13,16107.42,0.00,175,4.28,true
1042,2026-02-27T04:55:55+00:00,4,79351.54,0.00,175,3.50,true
1043,2026-01-09T18:26:40+00:00,11,24713.69,0.00,239,4.19,false
1044,2026-02-21T13:52:50+00:00,9,17914.97,29.70,139,4.85,true
1045,2026-02-09T15:43:01+00:00,13,24426.33,0.00,242,4.23,true
1046,2026-02-14T15:08:04+00:00,17,6741.11,32.70,22,4.28,true
1047,2026-02-16T05:49:13+00:00,19,298.53,0.00,148,4.87,true
1048,2025-12-23T06:23:07+00:00,22,5432.03,0.00,235,4.24,true
1049,2025-12-25T08:50:17+00:00,3,13852.60,43.49,250,4.48,true
1050,2025-12-29T07:06:42+00:00,15,6899.88,0.00,236,4.97,true
1051,2026-01-11T15:14:52+00:00,17,7829.60,23.97,158,4.71,true
1052,2026-01-30T21:33:57+00:00,16,4903.37,0.00,8,4.07,true
1053,2026-01-23T00:24:05+00:00,18,12471.57,0.00,59,4.87,true
1054,2026-02-07T16:43:41+00:00,15,14236.87,29.36,122,3.24,true
1055,2025-12-03T06:02:26+00:00,8,6623.31,12.50,165,4.44,true
1056,2026-01-04T15:42:50+00:00,23,97501.19,0.00,128,3.89,true
1057,2026-02-09T02:18:37+00:00,7,3845.35,0.00,122,3.60,false
1058,2025-12-20T16:54:10+00:00,4,41801.92,29.46,135,3.59,true
1059,2026-01-15T13:10:00+00:00,15,8319.04,0.00,150,4.79,false
1060,2025-12-06T03:59:58+00:00,9,19207.40,0.00,169,3.37,true
1061,2026-01-06T00:27:39+00:00,1,84189.33,0.00,109,4.19,true
1062,2026-01-17T15:54:35+00:00,12,5863.47,30.16,71,4.55,false
1063,2026-01-07T11:41:30+00:00,13,6041.98,0.00,99,4.78,true
1064,2025-12-16T05:56:23+00:00,11,21990.47,13.42,49,4.69,true
1065,2026-01-19T16:49:49+00:00,19,2878.90,0.00,171,3.55,false
1066,2026-02-17T18:51:38+00:00,9,15058.96,22.07,85,3.89,true
1067,2026-02-18T12:00:44+00:00,11,41698.63,0.00,39,4.73,true
1068,2026-02-28T16:19:52+00:00,10,33490.01,32.39,231,4.98,true
1069,2025-12-29T03:57:57+00:00,3,7424.95,40.45,37,4.19,true
1070,2025-12-06T19:27:15+00:00,4,65222.79,0.00,97,4.62,true
1071,2026-02-10T23:03:24+00:00,18,10371.85,0.00,62,4.00,true
1072,2026-01-13T14:36:30+00:00,22,3394.77,6.02,258,4.39,true
1073,2026-02-19T00:29:16+00:00,9,20543.54,0.00,144,,true
1074,2025-12-03T05:58:35+00:00,24,13940.52,3.33,218,3.65,true
1075,2026-01-27T00:28:38+00:00,22,5048.68,0.00,55,4.06,true
1076,2025-12-13T15:22:17+00:00,5,95081.72,0.00,101,4.79,true
1077,2026-02-07T22:34:54+00:00,15,21322.87,0.00,242,4.12,true
1078,2026-01-08T17:12:16+00:00,24,76230.73,0.00,233,4.18,true
1079,2025-12-03T17:22:07+00:00,3,2838.41,10.25,86,4.61,true
1080,2025-12-15T11:56:32+00:00,23,66885.80,0.00,3,,true
1081,2025-12-16T19:12:37+00:00,10,59556.64,39.08,204,4.23,true
1082,2026-01-13T02:37:07+00:00,13,31479.21,24.37,137,3.41,true
1083,2026-01-11T11:35:45+00:00,20,13499.43,0.00,71,4.53,false
1084,2026-02-09T02:07:18+00:00,12,16380.77,21.84,135,3.95,true
1085,2025-12-18T05:41:00+00:00,9,30885.99,0.00,178,3.43,true
1086,2025-12-07T18:02:35+00:00,6,5790.15,16.46,12,3.61,true
1087,2026-01-09T14:27:56+00:00,11,41676.75,0.00,140,4.07,true
1088,2025-12-23T04:43:57+00:00,22,1126.87,31.41,62,4.96,true
1089,2026-01-20T15:21:34+00:00,12,24981.61,0.00,59,4.90,true
1090,2025-12-24T18:33:06+00:00,1,100791.81,0.00,53,4.95,true
1091,2026-01-11T14:10:06+00:00,16,13573.43,0.00,154,3.38,true
1092,2026-01-01T01:37:27+00:00,4,76692.37,0.00,210,4.33,true
1093,2026-02-03T04:23:46+00:00,7,12026.91,17.11,233,3.31,true
1094,2026-01-13T01:16:54+00:00,5,105095.93,0.00,40,3.60,true
1095,2025-12-28T10:01:14+00:00,2,87144.17,0.00,34,4.78,true
1096,2026-02-04T06:32:36+00:00,1,86161.36,0.00,162,5.00,true
1097,2025-12-09T14:52:58+00:00,1,96948.43,25.98,158,,true
1098,2025-12-25T16:48:24+00:00,2,163831.67,30.46,118,3.28,true
1099,2026-02-15T12:49:21+00:00,17,3739.84,0.00,172,4.70,true
1100,2025-12-21T23:38:18+00:00,13,12230.72,37.10,41,3.67,false
1101,2026-01-20T02:24:51+00:00,10,31522.43,0.00,122,,true
1102,2026-01-03T06:39:10+00:00,14,9609.15,0.00,251,4.90,true
1103,2026-02-10T10:18:43+00:00,11,18968.56,0.00,97,4.27,true
1104,2026-01-07T03:42:29+00:00,11,2625.44,0.00,92,3.40,true
1105,2026-01-21T11:30:26+00:00,11,18610.19,0.00,88,4.42,true
1106,2026-03-01T16:25:42+00:00,9,48208.80,0.00,133,4.61,true
1107,2026-02-08T23:32:59+00:00,12,11275.35,0.00,234,4.58,true
1108,2025-12-31T16:49:40+00:00,3,8155.70,0.00,117,3.46,true
1109,2026-02-26T22:45:43+00:00,9,38437.68,0.00,129,4.82,true
1110,2025-12-14T21:52:27+00:00,3,8549.49,0.00,138,4.89,true
1111,2026-01-05T17:02:58+00:00,23,108261.77,0.00,105,3.80,true
1112,2026-02-22T01:24:12+00:00,14,12606.70,0.00,162,3.26,true
1113,2026-01-31T22:21:30+00:00,15,4553.72,6.87,1,3.32,true
1114,2025-12-05T11:57:34+00:00,9,18579.72,0.00,250,3.97,true
1115,2026-01-22T07:40:44+00:00,18,4974.23,0.00,142,3.29,true
1116,2026-02-12T02:43:06+00:00,6,6205.41,0.00,167,4.53,true
1117,2026-02-11T02:44:15+00:00,21,9791.98,16.25,133,3.20,true
1118,2026-02-01T05:54:33+00:00,14,13554.70,14.15,9,4.67,true
1119,2025-12-16T01:19:20+00:00,3,23547.49,11.58,138,3.31,true
1120,2026-01-08T03:30:50+00:00,20,15791.88,0.00,19,3.85,true
1121,2026-01-18T14:17:59+00:00,12,25276.58,36.90,238,,true
1122,2026-03-02T06:40:16+00:00,17,3468.86,0.00,233,4.36,false
1123,2026-01-24T08:15:59+00:00,12,11624.78,11.88,6,3.57,true
1124,2025-12-07T16:35:25+00:00,17,7663.72,21.87,210,4.22,false
1125,2026-02-07T16:51:22+00:00,13,20458.78,0.00,128,3.35,true
1126,2025-12-08T23:55:57+00:00,20,43768.90,13.80,159,4.52,true
1127,2026-02-21T18:23:48+00:00,23,76757.42,0.00,26,3.87,true
1128,2026-01-20T16:36:00+00:00,1,78530.51,0.00,60,4.14,false
1129,2026-01-05T20:06:56+00:00,13,12660.72,0.00,20,3.22,true
1130,2025-12-27T18:15:58+00:00,10,60261.78,34.40,17,4.09,true
1131,2026-02-08T01:14:00+00:00,16,11292.55,0.00,84,3.39,true
1132,2025-12-16T11:18:06+00:00,23,74316.39,0.00,102,3.26,true
1133,2026-02-15T21:10:38+00:00,16,3773.46,39.15,114,4.02,true
1134,2025-12-26T23:28:09+00:00,9,41615.92,32.45,82,3.95,true
1135,2026-01-17T13:58:40+00:00,22,5492.15,0.00,73,3.26,true
1136,2026-01-17T23:07:49+00:00,14,6491.70,31.92,68,4.74,true
1137,2026-01-31T03:51:47+00:00,7,1946.54,31.78,45,3.55,true
1138,2026-01-16T01:36:22+00:00,2,229963.16,0.00,255,3.23,true
1139,2025-12-05T13:14:48+00:00,5,102367.57,0.00,196,3.48,false
1140,2025-12-08T03:04:32+00:00,12,10100.23,0.00,61,3.60,false
1141,2026-01-22T07:03:28+00:00,22,2514.97,0.00,256,4.49,true
1142,2026-01-24T18:12:01+00:00,15,15877.00,0.00,250,4.50,true
1143,2026-02-28T22:11:49+00:00,21,6057.14,23.85,31,4.12,true
1144,2026-01-27T14:54:06+00:00,1,69036.79,21.32,141,4.89,true
1145,2025-12-24T09:03:12+00:00,12,18160.91,0.00,64,3.56,true
1146,2025-12-31T20:20:27+00:00,1,79023.95,26.50,182,4.34,true
1147,2025-12-06T08:32:08+00:00,3,1763.74,0.00,220,3.30,true
1148,2026-01-18T07:07:37+00:00,9,38729.90,0.00,203,4.68,true
1149,2026-02-08T17:37:57+00:00,23,104294.94,30.89,29,3.88,true
1150,2026-01-30T03:21:53+00:00,20,8083.13,0.00,149,3.99,true
1151,2025-12-15T18:12:06+00:00,2,102783.08,7.10,117,4.30,true
1152,2026-01-04T13:17:47+00:00,5,117497.03,0.00,259,4.76,true
1153,2026-01-11T03:19:13+00:00,2,232229.87,0.00,217,3.57,true
1154,2025-12-13T11:29:15+00:00,1,63477.87,0.00,160,4.16,false
1155,2025-12-31T03:45:25+00:00,12,11238.79,3.44,258,4.10,true
1156,2026-01-18T17:22:52+00:00,20,28614.38,0.00,182,3.94,true
1157,2025-12-17T08:31:58+00:00,21,11808.33,0.00,215,4.39,true
1158,2026-02-09T10:14:40+00:00,19,1723.59,13.80,230,4.06,true
1159,2025-12-03T07:26:29+00:00,5,84580.05,0.00,82,3.95,false
1160,2026-02-10T22:11:00+00:00,16,3347.16,0.00,179,3.63,true
1161,2026-02-08T18:40:30+00:00,4,32877.89,0.00,198,,true
1162,2025-12-24T20:23:29+00:00,4,62601.27,0.00,83,3.34,true
1163,2026-02-22T07:06:23+00:00,22,3685.23,37.72,257,3.23,true
1164,2026-01-22T03:11:03+00:00,18,14509.39,0.00,196,4.37,true
1165,2026-01-29T22:22:00+00:00,6,10923.51,38.96,179,4.14,true
1166,2026-03-02T07:20:30+00:00,9,4733.11,0.00,204,4.97,true
1167,2025-12-19T07:04:25+00:00,14,8738.66,0.00,53,3.33,true
1168,2025-12-23T23:44:11+00:00,5,116271.74,36.30,116,3.88,true
1169,2026-02-20T12:43:39+00:00,23,22717.37,0.00,220,4.24,true
1170,2026-01-14T17:54:22+00:00,21,11333.08,0.00,52,4.90,true
1171,2026-02-14T15:44:12+00:00,19,1979.85,0.00,59,4.22,true
1172,2026-02-22T11:37:01+00:00,1,43927.90,0.00,16,3.58,true
1173,2026-01-26T08:15:22+00:00,9,30061.77,27.51,67,3.46,true
1174,2026-01-08T08:27:49+00:00,8,45244.63,0.00,259,4.62,false
1175,2026-02-09T07:53:24+00:00,17,4230.35,0.00,182,3.80,false
1176,2025-12-27T22:42:17+00:00,20,20374.03,0.00,133,4.81,false
1177,2026-01-28T06:43:40+00:00,20,32748.91,0.00,11,3.58,true
1178,2026-01-07T10:57:39+00:00,10,24159.16,31.66,217,3.83,true
1179,2025-12-11T10:24:14+00:00,10,67890.71,43.80,92,4.80,true
1180,2026-02-15T19:05:49+00:00,2,214456.09,0.00,77,4.23,true
1181,2026-03-02T05:26:02+00:00,12,7470.42,0.00,49,4.50,true
1182,2025-12-20T06:17:34+00:00,18,2912.35,0.00,243,3.34,false
1183,2026-01-23T19:25:58+00:00,11,42501.01,0.00,28,3.93,true
1184,2026-02-27T13:43:42+00:00,15,14926.39,42.09,86,3.46,true
1185,2026-01-14T17:31:22+00:00,23,62373.94,23.65,224,3.84,true
1186,2026-02-17T12:05:20+00:00,2,94813.28,0.00,92,3.33,true
1187,2026-02-14T23:02:25+00:00,2,110526.71,0.00,228,4.82,false
1188,2026-02-18T05:28:37+00:00,15,21745.27,26.78,240,4.37,true
1189,2026-02-01T07:12:31+00:00,24,20078.68,0.00,250,3.75,true
1190,2026-02-23T12:52:07+00:00,14,15257.13,14.53,36,4.26,true
1191,2025-12-23T21:22:50+00:00,18,5392.50,25.34,69,3.43,true
1192,2026-01-29T17:26:07+00:00,18,3477.95,42.96,42,3.95,false
1193,2026-02-05T15:52:01+00:00,23,41478.50,0.00,211,4.77,true
1194,2026-01-23T00:02:19+00:00,12,14737.12,0.00,211,4.05,true
1195,2026-02-16T12:01:23+00:00,2,182304.04,6.47,34,3.71,false
1196,2026-02-20T22:02:54+00:00,3,10635.01,0.00,172,4.60,true
1197,2026-01-29T22:29:17+00:00,22,1720.06,0.00,32,4.60,true
1198,2025-12-11T12:04:32+00:00,11,15595.44,43.23,151,4.21,true
1199,2025-12-12T23:03:22+00:00,7,9101.24,0.00,9,4.98,true
1200,2025-12-16T10:40:39+00:00,13,17443.36,0.00,37,3.86,false
