request_id,user_id,context,category_id,item_id,ts,model_version,latency_ms
1,245,item,2,1180,2025-12-02T21:39:44+00:00,recs_rank_v5,64
2,360,catalog,15,,2026-02-16T16:50:37+00:00,recs_rank_v6,81
3,449,catalog,4,,2025-12-05T12:04:09+00:00,recs_rank_v6,102
4,432,item,23,1026,2026-01-02T02:37:39+00:00,recs_rank_v6,54
5,279,item,11,1064,2026-01-08T14:23:18+00:00,recs_rank_v6,88
6,558,catalog,16,,2025-12-07T08:32:11+00:00,recs_rank_v6,72
7,46,catalog,16,,2025-12-05T18:12:00+00:00,recs_rank_v2,117
8,203,cart,,84,2026-01-21T04:10:35+00:00,recs_rank_v7,92
9,481,item,2,863,2026-02-19T12:27:24+00:00,recs_rank_v5,63
10,536,catalog,16,,2026-02-17T11:32:16+00:00,recs_rank_v8,104
11,101,item,14,1136,2025-12-19T12:46:41+00:00,recs_rank_v4,75
12,242,catalog,6,,2026-02-15T16:59:28+00:00,recs_rank_v6,90
13,119,catalog,,,2026-01-22T21:20:34+00:00,recs_rank_v6,87
14,325,catalog,12,,2026-01-20T22:02:35+00:00,recs_rank_v6,97
15,26,catalog,1,,2026-01-04T16:48:35+00:00,recs_rank_v6,97
16,565,catalog,5,,2026-02-18T14:13:46+00:00,recs_rank_v6,85
17,238,catalog,5,,2025-12-09T18:08:45+00:00,recs_rank_v3,90
18,312,catalog,11,,2026-02-04T14:53:28+00:00,recs_rank_v6,100
19,574,catalog,14,,2026-02-19T06:17:55+00:00,recs_rank_v6,107
20,327,catalog,8,,2026-01-05T09:18:07+00:00,recs_rank_v5,55
21,74,catalog,3,,2025-12-08T10:03:34+00:00,recs_rank_v8,75
22,457,catalog,12,,2025-12-10T08:01:45+00:00,recs_rank_v5,68
23,61,item,17,1046,2025-12-30T17:27:12+00:00,recs_rank_v5,52
24,48,cart,18,,2026-02-05T16:35:54+00:00,recs_rank_v6,105
25,160,catalog,16,,2026-02-08T12:37:34+00:00,recs_rank_v4,92
26,60,item,6,232,2025-12-24T13:44:03+00:00,recs_rank_v6,46
27,503,catalog,23,,2026-02-10T04:47:16+00:00,recs_rank_v3,99
28,10,cart,24,69,2026-02-14T06:48:17+00:00,recs_rank_v4,44
29,109,cart,1,,2026-02-03T12:53:32+00:00,recs_rank_v6,102
30,241,catalog,10,,2026-01-30T21:33:12+00:00,recs_rank_v6,88
31,81,catalog,17,,2026-02-24T17:45:45+00:00,recs_rank_v6,89
32,113,catalog,15,,2025-12-25T16:56:39+00:00,recs_rank_v4,50
33,372,catalog,,,2026-02-24T13:33:38+00:00,recs_rank_v5,34
34,99,item,9,714,2025-12-25T19:54:15+00:00,recs_rank_v4,61
35,164,catalog,14,,2025-12-24T05:04:09+00:00,recs_rank_v8,72
36,174,item,20,250,2026-01-26T00:46:10+00:00,recs_rank_v6,59
37,207,catalog,13,,2026-02-16T06:37:36+00:00,recs_rank_v8,100
38,317,catalog,2,,2025-12-23T09:42:17+00:00,recs_rank_v6,71
39,464,catalog,11,,2025-12-30T00:12:39+00:00,recs_rank_v6,109
40,479,cart,,652,2026-02-17T10:17:01+00:00,recs_rank_v6,87
41,599,item,19,153,2025-12-16T23:39:56+00:00,recs_rank_v6,117
42,508,item,13,722,2026-01-27T08:09:51+00:00,recs_rank_v6,91
43,463,item,2,1098,2025-12-16T13:02:48+00:00,recs_rank_v6,83
44,200,catalog,14,,2026-01-06T19:30:37+00:00,recs_rank_v4,42
45,13,item,1,88,2025-12-26T13:55:38+00:00,recs_rank_v5,82
46,519,cart,,,2026-01-22T02:52:14+00:00,recs_rank_v8,89
47,339,item,12,185,2025-12-27T05:19:25+00:00,recs_rank_v4,74
48,225,item,14,525,2025-12-13T00:36:08+00:00,recs_rank_v6,28
49,560,item,7,127,2025-12-20T21:27:41+00:00,recs_rank_v4,78
50,241,item,19,1158,2026-01-25T09:28:34+00:00,recs_rank_v6,103
51,224,catalog,,,2026-01-19T13:41:39+00:00,recs_rank_v2,94
52,56,catalog,1,,2026-02-28T19:01:24+00:00,recs_rank_v6,63
53,409,cart,19,,2025-12-14T13:08:31+00:00,recs_rank_v6,66
54,502,catalog,,,2025-12-14T01:31:13+00:00,recs_rank_v6,55
55,460,catalog,5,,2026-02-03T22:43:39+00:00,recs_rank_v6,91
56,419,catalog,17,,2026-01-31T01:59:55+00:00,recs_rank_v8,56
57,463,catalog,9,,2026-01-25T09:49:03+00:00,recs_rank_v5,57
58,65,item,1,1097,2026-01-08T12:20:12+00:00,recs_rank_v4,91
59,249,catalog,9,,2026-02-17T01:45:07+00:00,recs_rank_v6,26
60,341,item,23,1132,2025-12-16T09:10:58+00:00,recs_rank_v6,56
61,210,catalog,19,,2026-01-31T14:59:37+00:00,recs_rank_v4,37
62,153,cart,23,96,2026-02-23T05:11:25+00:00,recs_rank_v6,28
63,566,catalog,2,,2026-01-18T20:40:15+00:00,recs_rank_v6,57
64,190,item,2,527,2026-02-23T15:02:16+00:00,recs_rank_v6,52
65,136,catalog,24,,2026-02-04T19:09:07+00:00,recs_rank_v6,72
66,294,catalog,,,2026-01-03T11:59:05+00:00,recs_rank_v6,119
67,173,catalog,,,2026-02-01T09:37:55+00:00,recs_rank_v6,121
68,128,catalog,10,,2025-12-30T17:46:08+00:00,recs_rank_v6,87
69,5,catalog,12,,2025-12-19T23:06:49+00:00,recs_rank_v6,69
70,507,catalog,5,,2026-02-15T21:33:05+00:00,recs_rank_v6,69
71,413,item,18,359,2025-12-27T15:27:09+00:00,recs_rank_v8,91
72,489,item,12,715,2026-02-28T18:05:10+00:00,recs_rank_v6,75
73,75,cart,7,499,2025-12-23T19:51:18+00:00,recs_rank_v6,142
74,520,item,1,225,2026-02-05T06:18:06+00:00,recs_rank_v6,69
75,25,item,13,186,2025-12-22T00:34:08+00:00,recs_rank_v6,81
76,492,catalog,23,,2026-02-08T07:28:26+00:00,recs_rank_v6,88
77,291,catalog,18,,2025-12-07T09:23:12+00:00,recs_rank_v6,56
78,569,catalog,10,,2025-12-21T03:36:54+00:00,recs_rank_v6,70
79,587,cart,5,,2026-02-10T22:35:15+00:00,recs_rank_v6,69
80,268,item,22,1048,2026-01-01T13:08:49+00:00,recs_rank_v6,51
81,308,catalog,6,,2025-12-05T09:42:08+00:00,recs_rank_v6,85
82,39,catalog,7,,2026-02-21T16:11:22+00:00,recs_rank_v7,42
83,599,catalog,14,,2026-01-18T15:03:07+00:00,recs_rank_v6,80
84,303,item,19,824,2026-01-15T17:22:19+00:00,recs_rank_v6,56
85,11,catalog,15,,2026-01-20T09:49:48+00:00,recs_rank_v5,84
86,450,catalog,21,,2025-12-21T04:06:53+00:00,recs_rank_v6,67
87,538,catalog,3,,2026-02-01T08:24:12+00:00,recs_rank_v6,71
88,22,cart,24,250,2025-12-17T22:47:29+00:00,recs_rank_v2,75
89,36,catalog,19,,2026-02-24T09:45:51+00:00,recs_rank_v6,74
90,294,catalog,24,,2026-01-10T23:16:04+00:00,recs_rank_v6,70
91,486,catalog,21,,2026-01-02T12:31:13+00:00,recs_rank_v6,58
92,329,catalog,5,,2025-12-26T06:03:45+00:00,recs_rank_v5,30
93,365,catalog,17,,2026-02-03T05:14:14+00:00,recs_rank_v6,79
94,538,catalog,,,2025-12-16T12:25:09+00:00,recs_rank_v6,67
95,65,catalog,4,,2026-02-10T02:47:27+00:00,recs_rank_v6,77
96,173,cart,,,2026-02-08T06:54:04+00:00,recs_rank_v6,72
97,135,item,22,996,2026-02-27T04:28:18+00:00,recs_rank_v6,33
98,84,item,23,68,2026-01-31T14:52:31+00:00,recs_rank_v4,97
99,335,cart,8,1060,2026-01-17T08:20:44+00:00,recs_rank_v6,46
100,12,item,1,446,2026-01-19T11:24:48+00:00,recs_rank_v1,102
101,198,catalog,3,,2026-02-08T07:23:33+00:00,recs_rank_v8,59
102,275,catalog,12,,2026-02-05T16:47:40+00:00,recs_rank_v6,27
103,23,catalog,21,,2025-12-22T00:08:51+00:00,recs_rank_v6,63
104,285,catalog,,,2026-01-26T15:58:40+00:00,recs_rank_v6,12
105,513,catalog,12,,2026-01-04T18:26:52+00:00,recs_rank_v6,145
106,502,cart,,,2026-01-29T14:21:41+00:00,recs_rank_v7,90
107,181,item,3,721,2025-12-28T18:15:00+00:00,recs_rank_v6,72
108,528,catalog,18,,2025-12-16T12:07:14+00:00,recs_rank_v6,35
109,547,cart,13,47,2026-01-04T17:58:24+00:00,recs_rank_v1,107
110,525,item,22,733,2026-02-18T19:34:55+00:00,recs_rank_v7,63
111,424,item,17,236,2025-12-17T19:11:28+00:00,recs_rank_v4,119
112,502,cart,16,1136,2026-01-22T09:27:30+00:00,recs_rank_v6,69
113,308,catalog,9,,2026-01-05T09:50:13+00:00,recs_rank_v6,80
114,294,catalog,,,2026-01-29T12:07:10+00:00,recs_rank_v6,86
115,215,catalog,7,,2026-01-12T20:24:19+00:00,recs_rank_v6,103
116,260,item,7,475,2026-02-03T04:35:52+00:00,recs_rank_v6,126
117,584,cart,,721,2026-01-12T19:19:57+00:00,recs_rank_v6,65
118,26,catalog,8,,2026-02-13T09:13:55+00:00,recs_rank_v8,54
119,218,item,8,912,2026-01-14T20:54:54+00:00,recs_rank_v3,49
120,549,catalog,20,,2025-12-10T19:20:59+00:00,recs_rank_v6,93
121,242,catalog,12,,2026-02-12T23:31:09+00:00,recs_rank_v6,53
122,161,item,13,40,2026-01-11T23:55:23+00:00,recs_rank_v2,83
123,576,catalog,17,,2026-01-12T08:49:58+00:00,recs_rank_v6,59
124,310,catalog,14,,2026-02-05T14:29:18+00:00,recs_rank_v8,89
125,424,catalog,22,,2026-02-24T20:24:54+00:00,recs_rank_v6,75
126,215,item,24,99,2026-01-27T08:18:35+00:00,recs_rank_v3,60
127,584,catalog,,,2025-12-07T10:44:03+00:00,recs_rank_v6,94
128,159,cart,20,,2026-01-26T13:11:50+00:00,recs_rank_v4,44
129,575,catalog,4,,2026-02-24T02:57:19+00:00,recs_rank_v6,64
130,5,catalog,9,,2026-02-06T01:21:59+00:00,recs_rank_v6,48
131,116,cart,,,2026-02-01T09:00:07+00:00,recs_rank_v6,77
132,400,catalog,22,,2025-12-17T05:24:26+00:00,recs_rank_v6,129
133,191,catalog,5,,2026-01-03T03:27:11+00:00,recs_rank_v6,87
134,115,catalog,12,,2025-12-26T20:01:46+00:00,recs_rank_v4,25
135,431,catalog,15,,2026-01-01T06:36:48+00:00,recs_rank_v8,75
136,497,catalog,4,,2025-12-18T17:06:15+00:00,recs_rank_v6,49
137,426,catalog,14,,2025-12-23T20:44:49+00:00,recs_rank_v6,78
138,297,item,10,208,2025-12-23T15:10:04+00:00,recs_rank_v7,63
139,170,item,4,839,2026-02-17T10:27:31+00:00,recs_rank_v6,89
140,131,catalog,2,,2025-12-16T19:47:44+00:00,recs_rank_v6,107
141,420,catalog,11,,2026-02-01T19:13:16+00:00,recs_rank_v6,99
142,431,catalog,15,,2025-12-04T23:03:31+00:00,recs_rank_v6,22
143,354,catalog,17,,2026-01-07T20:48:41+00:00,recs_rank_v7,13
144,205,catalog,17,,2026-01-01T01:36:49+00:00,recs_rank_v6,86
145,405,catalog,15,,2025-12-16T00:44:27+00:00,recs_rank_v6,63
146,308,catalog,9,,2025-12-30T19:10:13+00:00,recs_rank_v6,48
147,240,cart,,1130,2026-02-13T07:06:03+00:00,recs_rank_v5,96
148,227,catalog,5,,2025-12-22T03:19:16+00:00,recs_rank_v6,70
149,61,catalog,4,,2026-01-29T14:02:49+00:00,recs_rank_v6,95
150,189,catalog,17,,2025-12-25T09:34:51+00:00,recs_rank_v6,76
151,58,catalog,24,,2025-12-14T01:56:41+00:00,recs_rank_v6,86
152,13,item,2,50,2026-01-04T02:40:30+00:00,recs_rank_v6,79
153,33,catalog,8,,2025-12-15T10:55:21+00:00,recs_rank_v6,44
154,146,catalog,23,,2026-01-23T02:46:44+00:00,recs_rank_v8,112
155,157,item,24,710,2026-02-02T07:37:56+00:00,recs_rank_v4,77
156,170,cart,,,2025-12-27T00:45:12+00:00,recs_rank_v2,79
157,170,cart,,1127,2026-02-23T12:44:25+00:00,recs_rank_v6,96
158,304,cart,15,915,2025-12-07T06:52:03+00:00,recs_rank_v6,59
159,340,catalog,,,2026-01-20T09:32:35+00:00,recs_rank_v6,59
160,243,catalog,2,,2025-12-25T12:59:27+00:00,recs_rank_v6,98
161,438,catalog,24,,2025-12-08T01:38:18+00:00,recs_rank_v6,91
162,244,item,23,1169,2026-02-25T07:22:07+00:00,recs_rank_v1,75
163,525,catalog,5,,2026-02-06T13:40:49+00:00,recs_rank_v6,78
164,141,item,10,1081,2026-01-10T22:40:19+00:00,recs_rank_v6,62
165,263,catalog,16,,2025-12-07T12:07:54+00:00,recs_rank_v2,93
166,280,item,16,973,2025-12-10T14:55:12+00:00,recs_rank_v6,67
167,340,item,13,574,2025-12-23T13:15:57+00:00,recs_rank_v2,72
168,392,cart,15,949,2026-02-23T00:24:02+00:00,recs_rank_v8,80
169,436,catalog,14,,2025-12-13T19:11:27+00:00,recs_rank_v6,75
170,23,catalog,10,,2026-03-01T14:49:42+00:00,recs_rank_v6,59
171,568,catalog,13,,2026-01-23T07:17:12+00:00,recs_rank_v6,66
172,339,catalog,9,,2026-02-20T16:48:24+00:00,recs_rank_v5,107
173,128,cart,,,2026-01-31T17:20:39+00:00,recs_rank_v6,63
174,405,catalog,16,,2025-12-17T11:46:16+00:00,recs_rank_v8,112
175,339,catalog,2,,2026-02-01T02:23:25+00:00,recs_rank_v1,109
176,212,item,3,600,2026-02-25T07:28:30+00:00,recs_rank_v6,66
177,22,catalog,15,,2025-12-28T05:52:17+00:00,recs_rank_v6,89
178,202,catalog,11,,2026-01-25T20:18:04+00:00,recs_rank_v6,81
179,478,catalog,4,,2026-01-22T08:50:37+00:00,recs_rank_v6,29
180,23,catalog,16,,2026-01-23T05:04:54+00:00,recs_rank_v6,95
181,33,item,12,1089,2026-01-25T04:03:49+00:00,recs_rank_v6,113
182,264,catalog,16,,2025-12-10T10:35:03+00:00,recs_rank_v7,64
183,337,item,17,419,2026-02-17T17:53:29+00:00,recs_rank_v2,56
184,178,catalog,10,,2026-02-11T08:16:16+00:00,recs_rank_v6,60
185,594,catalog,18,,2025-12-02T20:50:05+00:00,recs_rank_v6,85
186,20,cart,13,524,2026-01-07T21:48:10+00:00,recs_rank_v6,78
187,67,catalog,13,,2026-03-02T02:40:48+00:00,recs_rank_v6,92
188,447,catalog,6,,2026-02-12T18:02:10+00:00,recs_rank_v3,106
189,303,catalog,,,2026-01-29T22:11:29+00:00,recs_rank_v6,77
190,213,item,16,1036,2025-12-19T07:30:39+00:00,recs_rank_v6,62
191,283,item,11,389,2025-12-31T12:28:58+00:00,recs_rank_v6,53
192,491,item,15,76,2025-12-05T02:24:52+00:00,recs_rank_v2,60
193,143,item,8,358,2026-02-03T07:02:45+00:00,recs_rank_v6,33
194,113,item,3,516,2026-01-26T06:12:12+00:00,recs_rank_v6,24
195,431,cart,2,1036,2026-01-30T14:41:00+00:00,recs_rank_v6,95
196,312,catalog,22,,2026-01-19T07:14:38+00:00,recs_rank_v3,85
197,497,catalog,,,2026-02-23T06:54:46+00:00,recs_rank_v6,21
198,553,catalog,,,2025-12-28T05:48:59+00:00,recs_rank_v6,42
199,524,item,16,550,2026-01-10T22:47:04+00:00,recs_rank_v2,90
200,531,item,5,606,2025-12-23T13:10:53+00:00,recs_rank_v6,35
201,431,catalog,10,,2025-12-06T02:46:30+00:00,recs_rank_v6,70
202,140,catalog,1,,2025-12-13T22:35:38+00:00,recs_rank_v6,36
203,69,catalog,4,,2025-12-13T22:18:12+00:00,recs_rank_v1,98
204,582,catalog,2,,2026-02-01T02:18:23+00:00,recs_rank_v6,80
205,327,cart,8,,2026-01-11T09:28:07+00:00,recs_rank_v6,131
206,178,item,8,404,2026-02-09T23:58:59+00:00,recs_rank_v6,115
207,516,item,8,368,2026-02-09T21:24:41+00:00,recs_rank_v6,20
208,401,item,15,132,2026-01-14T02:07:12+00:00,recs_rank_v6,78
209,114,catalog,9,,2025-12-28T06:11:43+00:00,recs_rank_v6,36
210,20,catalog,13,,2026-03-02T05:04:05+00:00,recs_rank_v6,71
211,349,item,12,522,2025-12-20T04:46:17+00:00,recs_rank_v8,85
212,417,catalog,19,,2026-01-03T14:42:43+00:00,recs_rank_v6,107
213,272,catalog,17,,2025-12-15T11:37:57+00:00,recs_rank_v6,53
214,591,catalog,11,,2026-01-06T23:09:52+00:00,recs_rank_v6,100
215,594,catalog,16,,2026-02-08T13:27:49+00:00,recs_rank_v7,88
216,145,catalog,1,,2025-12-15T03:41:50+00:00,recs_rank_v6,71
217,191,catalog,19,,2025-12-05T13:01:32+00:00,recs_rank_v6,113
218,456,catalog,23,,2026-01-27T18:00:19+00:00,recs_rank_v6,100
219,393,catalog,16,,2026-01-01T01:32:10+00:00,recs_rank_v5,96
220,318,catalog,,,2026-01-11T07:56:16+00:00,recs_rank_v7,58
221,319,catalog,12,,2025-12-11T11:56:02+00:00,recs_rank_v6,87
222,569,catalog,10,,2026-01-28T05:18:40+00:00,recs_rank_v6,49
223,19,catalog,7,,2026-01-05T11:16:06+00:00,recs_rank_v2,47
224,375,catalog,2,,2025-12-21T17:03:48+00:00,recs_rank_v7,83
225,177,cart,21,125,2025-12-24T08:43:03+00:00,recs_rank_v6,81
226,393,catalog,,,2026-02-07T19:47:45+00:00,recs_rank_v6,82
227,502,catalog,13,,2026-02-10T16:29:29+00:00,recs_rank_v2,53
228,105,catalog,7,,2025-12-27T17:25:47+00:00,recs_rank_v6,37
229,436,cart,12,876,2026-01-04T01:49:02+00:00,recs_rank_v5,62
230,516,catalog,21,,2025-12-08T12:47:13+00:00,recs_rank_v6,51
231,122,item,12,1123,2026-01-23T12:15:57+00:00,recs_rank_v7,72
232,4,catalog,1,,2025-12-10T01:39:32+00:00,recs_rank_v6,79
233,30,catalog,11,,2026-03-01T11:51:33+00:00,recs_rank_v6,106
234,205,item,1,578,2026-01-13T17:29:29+00:00,recs_rank_v6,65
235,146,catalog,7,,2025-12-31T15:08:35+00:00,recs_rank_v6,108
236,108,catalog,,,2026-02-24T16:04:47+00:00,recs_rank_v6,73
237,267,catalog,24,,2026-02-08T01:16:54+00:00,recs_rank_v6,84
238,477,catalog,23,,2025-12-09T16:47:26+00:00,recs_rank_v6,71
239,159,catalog,16,,2026-01-19T16:28:08+00:00,recs_rank_v6,85
240,283,item,24,69,2025-12-29T07:08:40+00:00,recs_rank_v2,120
241,326,item,15,425,2026-01-09T09:04:09+00:00,recs_rank_v6,78
242,451,item,24,616,2026-02-02T09:36:38+00:00,recs_rank_v6,96
243,510,catalog,9,,2025-12-19T00:01:58+00:00,recs_rank_v5,90
244,120,catalog,12,,2025-12-02T22:14:46+00:00,recs_rank_v6,23
245,92,cart,,560,2026-02-07T19:10:56+00:00,recs_rank_v6,62
246,173,catalog,23,,2025-12-13T06:43:55+00:00,recs_rank_v7,62
247,14,catalog,,,2026-01-24T17:28:06+00:00,recs_rank_v6,54
248,261,catalog,6,,2026-02-23T04:05:03+00:00,recs_rank_v4,53
249,217,item,19,118,2026-01-30T07:09:45+00:00,recs_rank_v1,77
250,553,catalog,12,,2025-12-30T08:37:11+00:00,recs_rank_v5,58
251,254,item,22,1088,2026-02-14T18:35:45+00:00,recs_rank_v6,72
252,492,catalog,,,2025-12-29T11:25:41+00:00,recs_rank_v6,85
253,294,cart,18,489,2025-12-02T19:44:03+00:00,recs_rank_v6,62
254,296,catalog,,,2026-02-28T12:38:37+00:00,recs_rank_v6,87
255,399,catalog,19,,2026-01-12T04:32:26+00:00,recs_rank_v7,52
256,453,catalog,3,,2026-01-15T08:22:52+00:00,recs_rank_v7,49
257,365,cart,12,776,2025-12-21T16:56:01+00:00,recs_rank_v6,68
258,147,item,13,880,2026-02-10T22:12:59+00:00,recs_rank_v6,54
259,194,cart,,597,2025-12-09T03:04:34+00:00,recs_rank_v6,101
260,228,catalog,18,,2025-12-31T18:12:42+00:00,recs_rank_v6,88
261,424,cart,22,137,2026-02-06T17:55:26+00:00,recs_rank_v6,82
262,530,catalog,23,,2025-12-22T13:03:34+00:00,recs_rank_v4,101
263,160,catalog,22,,2026-02-11T11:13:46+00:00,recs_rank_v6,122
264,525,catalog,17,,2026-01-20T00:29:38+00:00,recs_rank_v6,67
265,596,catalog,7,,2025-12-06T05:02:20+00:00,recs_rank_v3,65
266,234,catalog,15,,2026-01-02T10:01:31+00:00,recs_rank_v1,141
267,133,catalog,,,2026-01-17T13:37:38+00:00,recs_rank_v6,74
268,160,item,6,535,2026-02-11T01:55:56+00:00,recs_rank_v1,78
269,229,catalog,8,,2026-01-06T21:11:10+00:00,recs_rank_v6,62
270,81,catalog,17,,2026-01-22T17:51:04+00:00,recs_rank_v6,111
271,564,item,9,332,2025-12-22T07:38:23+00:00,recs_rank_v6,83
272,439,cart,17,1011,2025-12-06T08:11:38+00:00,recs_rank_v6,78
273,220,catalog,15,,2026-01-22T08:35:39+00:00,recs_rank_v6,35
274,134,item,23,1127,2026-02-16T20:40:19+00:00,recs_rank_v8,41
275,312,cart,,,2026-03-01T00:44:29+00:00,recs_rank_v6,71
276,303,item,9,5,2025-12-20T13:13:20+00:00,recs_rank_v6,13
277,3,catalog,6,,2026-01-30T00:25:16+00:00,recs_rank_v6,67
278,578,catalog,2,,2025-12-30T19:47:09+00:00,recs_rank_v2,70
279,111,catalog,2,,2025-12-31T15:09:09+00:00,recs_rank_v6,108
280,94,catalog,,,2026-02-09T06:12:28+00:00,recs_rank_v6,79
281,212,cart,,,2025-12-02T22:26:23+00:00,recs_rank_v6,58
282,579,item,7,188,2025-12-15T02:02:23+00:00,recs_rank_v1,57
283,277,catalog,2,,2025-12-19T00:48:32+00:00,recs_rank_v6,76
284,392,catalog,12,,2026-02-09T11:42:04+00:00,recs_rank_v6,59
285,467,catalog,23,,2025-12-13T07:10:25+00:00,recs_rank_v5,78
286,100,item,7,291,2025-12-27T20:32:39+00:00,recs_rank_v6,30
287,472,catalog,14,,2026-02-02T15:12:24+00:00,recs_rank_v1,96
288,21,catalog,17,,2026-01-06T02:53:49+00:00,recs_rank_v6,83
289,507,catalog,6,,2026-02-10T05:44:37+00:00,recs_rank_v6,60
290,307,cart,,,2026-03-02T01:18:52+00:00,recs_rank_v6,91
291,284,item,14,13,2025-12-06T19:58:06+00:00,recs_rank_v6,36
292,14,item,12,1035,2026-02-04T12:09:43+00:00,recs_rank_v6,72
293,491,catalog,21,,2026-01-29T15:33:44+00:00,recs_rank_v6,113
294,237,cart,10,518,2026-01-13T02:21:07+00:00,recs_rank_v6,79
295,329,catalog,19,,2026-02-26T14:43:09+00:00,recs_rank_v6,29
296,265,catalog,1,,2026-01-09T08:25:35+00:00,recs_rank_v6,66
297,384,catalog,3,,2025-12-14T08:05:12+00:00,recs_rank_v7,95
298,464,cart,,1069,2025-12-10T03:09:10+00:00,recs_rank_v6,94
299,217,cart,21,,2026-01-18T03:02:19+00:00,recs_rank_v6,65
300,264,cart,17,173,2026-02-21T14:27:34+00:00,recs_rank_v6,70
301,593,catalog,22,,2026-01-13T15:52:50+00:00,recs_rank_v6,48
302,233,cart,15,788,2025-12-26T23:50:07+00:00,recs_rank_v6,48
303,355,item,24,240,2025-12-06T07:17:55+00:00,recs_rank_v6,68
304,274,catalog,6,,2025-12-16T08:53:53+00:00,recs_rank_v6,112
305,482,catalog,8,,2026-02-11T17:40:01+00:00,recs_rank_v6,47
306,36,catalog,,,2026-02-27T23:28:07+00:00,recs_rank_v6,69
307,547,catalog,23,,2025-12-26T17:17:25+00:00,recs_rank_v6,105
308,91,cart,4,921,2026-02-12T03:42:39+00:00,recs_rank_v6,94
309,540,catalog,1,,2025-12-20T13:28:01+00:00,recs_rank_v2,89
310,415,catalog,,,2026-01-31T15:14:54+00:00,recs_rank_v6,79
311,223,catalog,18,,2026-01-08T04:27:55+00:00,recs_rank_v6,98
312,67,catalog,13,,2026-03-02T05:24:42+00:00,recs_rank_v6,63
313,524,catalog,16,,2026-01-23T03:39:58+00:00,recs_rank_v7,135
314,478,item,9,890,2025-12-06T05:35:08+00:00,recs_rank_v2,34
315,253,catalog,6,,2025-12-27T11:37:52+00:00,recs_rank_v6,127
316,96,item,1,819,2026-01-09T11:49:30+00:00,recs_rank_v6,92
317,568,catalog,13,,2025-12-04T10:58:35+00:00,recs_rank_v2,87
318,164,item,1,32,2025-12-04T09:44:31+00:00,recs_rank_v5,78
319,279,item,14,525,2026-01-20T11:30:00+00:00,recs_rank_v6,69
320,432,catalog,10,,2026-01-21T19:57:25+00:00,recs_rank_v6,56
321,513,catalog,23,,2025-12-17T22:59:51+00:00,recs_rank_v6,12
322,284,item,1,388,2026-01-09T17:03:05+00:00,recs_rank_v1,50
323,526,catalog,,,2025-12-03T05:05:38+00:00,recs_rank_v6,59
324,531,catalog,2,,2026-01-17T20:59:25+00:00,recs_rank_v6,82
325,476,catalog,7,,2025-12-21T01:48:43+00:00,recs_rank_v6,36
326,412,catalog,,,2026-01-01T15:24:11+00:00,recs_rank_v5,69
327,404,cart,18,488,2025-12-18T07:08:24+00:00,recs_rank_v6,77
328,585,item,23,1149,2026-02-08T13:11:35+00:00,recs_rank_v6,88
329,294,item,4,969,2026-02-24T11:43:18+00:00,recs_rank_v5,94
330,58,item,8,312,2025-12-21T09:16:35+00:00,recs_rank_v8,71
331,503,catalog,6,,2026-02-04T18:04:41+00:00,recs_rank_v6,22
332,326,cart,,617,2025-12-17T09:09:37+00:00,recs_rank_v8,110
333,104,catalog,,,2026-02-21T16:26:25+00:00,recs_rank_v6,105
334,443,catalog,17,,2026-01-10T10:59:52+00:00,recs_rank_v6,70
335,565,catalog,2,,2026-02-23T10:54:23+00:00,recs_rank_v3,65
336,192,catalog,17,,2025-12-07T04:56:58+00:00,recs_rank_v1,68
337,223,item,21,30,2026-01-18T08:51:23+00:00,recs_rank_v8,37
338,508,catalog,16,,2026-01-31T01:20:19+00:00,recs_rank_v6,52
339,127,item,13,53,2026-02-06T18:05:13+00:00,recs_rank_v4,70
340,292,catalog,1,,2026-02-14T10:59:18+00:00,recs_rank_v6,58
341,152,item,8,504,2025-12-23T08:53:32+00:00,recs_rank_v6,57
342,416,catalog,,,2026-01-31T04:56:51+00:00,recs_rank_v8,96
343,305,catalog,14,,2026-01-17T02:47:13+00:00,recs_rank_v2,61
344,207,catalog,1,,2026-02-27T00:31:23+00:00,recs_rank_v3,63
345,345,catalog,7,,2025-12-30T00:00:18+00:00,recs_rank_v3,92
346,77,item,14,892,2026-01-29T00:27:01+00:00,recs_rank_v6,74
347,525,item,14,218,2025-12-31T20:38:33+00:00,recs_rank_v5,76
348,121,catalog,24,,2026-01-25T13:50:13+00:00,recs_rank_v6,36
349,34,catalog,9,,2025-12-18T14:53:28+00:00,recs_rank_v6,64
350,29,item,20,374,2025-12-06T22:26:09+00:00,recs_rank_v6,98
351,54,catalog,3,,2026-01-04T08:47:31+00:00,recs_rank_v7,59
352,599,cart,,514,2026-01-03T15:06:10+00:00,recs_rank_v6,91
353,327,catalog,13,,2025-12-03T20:05:16+00:00,recs_rank_v8,79
354,460,catalog,,,2026-01-13T21:26:04+00:00,recs_rank_v2,94
355,427,item,1,980,2026-01-21T20:53:27+00:00,recs_rank_v6,76
356,418,catalog,1,,2026-01-26T16:51:05+00:00,recs_rank_v8,83
357,407,catalog,20,,2026-01-16T04:07:17+00:00,recs_rank_v3,54
358,265,catalog,1,,2026-01-24T13:47:21+00:00,recs_rank_v6,12
359,580,item,11,670,2025-12-20T05:12:33+00:00,recs_rank_v8,55
360,129,catalog,22,,2025-12-18T10:47:26+00:00,recs_rank_v6,62
361,20,cart,7,258,2026-01-03T20:41:35+00:00,recs_rank_v6,104
362,417,catalog,9,,2026-02-07T04:39:23+00:00,recs_rank_v4,104
363,336,catalog,10,,2026-02-10T07:17:25+00:00,recs_rank_v6,108
364,65,catalog,7,,2026-01-05T02:44:08+00:00,recs_rank_v4,70
365,283,item,22,829,2025-12-14T02:57:47+00:00,recs_rank_v4,51
366,336,catalog,9,,2026-01-15T03:59:41+00:00,recs_rank_v6,105
367,378,catalog,6,,2025-12-23T13:36:05+00:00,recs_rank_v6,81
368,345,item,23,493,2026-01-25T07:59:29+00:00,recs_rank_v4,46
369,307,catalog,17,,2026-02-19T21:13:42+00:00,recs_rank_v6,81
370,341,catalog,21,,2026-02-01T04:37:18+00:00,recs_rank_v6,101
371,77,catalog,2,,2025-12-19T08:53:29+00:00,recs_rank_v6,66
372,106,item,4,969,2026-02-05T01:51:44+00:00,recs_rank_v6,61
373,270,cart,,1130,2026-01-08T23:24:32+00:00,recs_rank_v4,65
374,495,cart,22,736,2026-01-13T13:06:21+00:00,recs_rank_v6,24
375,511,cart,7,787,2025-12-19T15:12:46+00:00,recs_rank_v2,71
376,165,catalog,6,,2025-12-27T09:53:36+00:00,recs_rank_v3,83
377,502,catalog,24,,2026-01-21T03:47:15+00:00,recs_rank_v2,86
378,23,catalog,16,,2025-12-19T13:57:22+00:00,recs_rank_v6,84
379,36,catalog,16,,2025-12-07T19:34:03+00:00,recs_rank_v4,72
380,299,item,17,671,2026-01-22T21:31:54+00:00,recs_rank_v6,84
381,170,catalog,18,,2026-01-15T12:33:36+00:00,recs_rank_v6,102
382,60,catalog,3,,2026-01-22T23:10:21+00:00,recs_rank_v3,66
383,297,cart,22,652,2026-02-03T20:06:45+00:00,recs_rank_v6,69
384,173,catalog,19,,2025-12-22T17:07:15+00:00,recs_rank_v6,46
385,500,catalog,17,,2025-12-09T22:33:57+00:00,recs_rank_v6,79
386,277,cart,5,630,2025-12-14T03:56:32+00:00,recs_rank_v6,103
387,513,item,3,652,2026-01-24T15:38:52+00:00,recs_rank_v6,83
388,518,catalog,,,2025-12-12T05:42:43+00:00,recs_rank_v6,38
389,214,catalog,10,,2025-12-11T05:21:29+00:00,recs_rank_v6,63
390,335,catalog,,,2026-01-08T00:22:43+00:00,recs_rank_v6,82
391,113,catalog,15,,2026-02-26T22:43:07+00:00,recs_rank_v7,12
392,252,catalog,20,,2026-02-11T10:53:19+00:00,recs_rank_v1,97
393,283,catalog,5,,2026-02-27T16:36:21+00:00,recs_rank_v8,59
394,156,catalog,15,,2026-02-07T10:21:14+00:00,recs_rank_v6,60
395,513,item,11,947,2026-01-27T20:39:56+00:00,recs_rank_v6,75
396,301,catalog,22,,2025-12-09T14:40:07+00:00,recs_rank_v6,83
397,82,catalog,9,,2026-01-26T01:01:25+00:00,recs_rank_v2,55
398,424,catalog,22,,2026-02-27T02:17:46+00:00,recs_rank_v6,38
399,52,item,1,102,2026-02-16T21:28:39+00:00,recs_rank_v6,34
400,173,cart,16,342,2026-02-09T09:31:49+00:00,recs_rank_v6,85
401,35,catalog,9,,2025-12-22T17:25:12+00:00,recs_rank_v6,121
402,115,item,6,31,2026-02-17T19:50:22+00:00,recs_rank_v6,103
403,27,catalog,17,,2026-01-17T18:20:34+00:00,recs_rank_v6,42
404,23,catalog,21,,2026-02-04T03:50:37+00:00,recs_rank_v2,35
405,439,item,5,1076,2025-12-15T17:50:59+00:00,recs_rank_v6,51
406,269,catalog,8,,2025-12-18T14:39:12+00:00,recs_rank_v6,98
407,210,catalog,20,,2026-01-07T12:19:52+00:00,recs_rank_v6,86
408,407,cart,10,315,2025-12-05T23:38:42+00:00,recs_rank_v1,58
409,331,cart,6,1001,2026-01-06T22:19:09+00:00,recs_rank_v6,111
410,215,item,1,403,2025-12-24T05:56:38+00:00,recs_rank_v6,87
411,326,item,14,682,2025-12-28T12:18:13+00:00,recs_rank_v6,109
412,160,item,14,461,2026-01-21T04:21:45+00:00,recs_rank_v2,58
413,581,catalog,4,,2026-02-03T01:14:39+00:00,recs_rank_v2,32
414,236,item,20,806,2026-01-02T06:08:23+00:00,recs_rank_v6,114
415,394,cart,6,,2025-12-26T15:18:28+00:00,recs_rank_v5,60
416,205,catalog,5,,2026-01-08T17:06:19+00:00,recs_rank_v6,130
417,439,cart,17,,2026-01-22T22:34:24+00:00,recs_rank_v6,88
418,33,catalog,5,,2026-02-04T04:45:19+00:00,recs_rank_v6,14
419,68,item,18,846,2025-12-25T22:27:34+00:00,recs_rank_v1,81
420,50,item,14,339,2026-01-22T14:42:08+00:00,recs_rank_v6,66
421,192,catalog,18,,2025-12-05T16:10:22+00:00,recs_rank_v6,67
422,485,catalog,7,,2026-01-19T07:27:56+00:00,recs_rank_v6,84
423,405,catalog,10,,2026-01-22T11:51:38+00:00,recs_rank_v6,38
424,533,catalog,5,,2026-01-16T00:35:01+00:00,recs_rank_v3,63
425,542,catalog,4,,2025-12-30T04:52:10+00:00,recs_rank_v6,50
426,16,catalog,14,,2026-02-16T10:46:35+00:00,recs_rank_v6,58
427,307,catalog,22,,2026-02-17T01:59:26+00:00,recs_rank_v6,52
428,116,catalog,12,,2025-12-08T20:15:12+00:00,recs_rank_v6,75
429,355,catalog,22,,2025-12-06T15:35:45+00:00,recs_rank_v6,85
430,51,catalog,4,,2025-12-27T14:09:03+00:00,recs_rank_v6,126
431,325,catalog,12,,2026-02-11T02:29:32+00:00,recs_rank_v6,118
432,129,catalog,19,,2026-01-17T03:03:14+00:00,recs_rank_v6,97
433,439,catalog,2,,2026-02-28T12:56:18+00:00,recs_rank_v4,89
434,462,cart,19,735,2025-12-12T03:56:43+00:00,recs_rank_v6,94
435,233,catalog,21,,2026-02-13T10:36:54+00:00,recs_rank_v7,83
436,165,catalog,2,,2026-01-19T04:53:41+00:00,recs_rank_v6,69
437,315,item,2,106,2026-01-04T22:54:22+00:00,recs_rank_v6,61
438,391,cart,3,95,2026-02-11T16:08:56+00:00,recs_rank_v4,96
439,178,item,12,239,2025-12-21T10:06:27+00:00,recs_rank_v2,69
440,351,catalog,1,,2026-02-09T07:43:47+00:00,recs_rank_v6,100
441,59,item,2,1033,2026-02-25T19:40:09+00:00,recs_rank_v4,47
442,8,item,8,362,2026-01-07T21:31:52+00:00,recs_rank_v6,58
443,514,catalog,16,,2026-02-11T16:41:49+00:00,recs_rank_v8,89
444,352,catalog,20,,2026-01-16T08:04:55+00:00,recs_rank_v6,75
445,567,catalog,23,,2026-01-22T01:41:37+00:00,recs_rank_v6,70
446,445,cart,7,788,2025-12-16T17:13:11+00:00,recs_rank_v1,12
447,234,catalog,6,,2026-01-18T19:10:09+00:00,recs_rank_v6,63
448,395,catalog,,,2026-02-23T01:52:13+00:00,recs_rank_v6,47
449,536,catalog,12,,2026-01-04T08:30:10+00:00,recs_rank_v6,61
450,129,catalog,19,,2025-12-14T17:04:01+00:00,recs_rank_v6,107
451,6,cart,,701,2025-12-23T11:20:35+00:00,recs_rank_v6,99
452,396,catalog,16,,2026-01-18T02:22:40+00:00,recs_rank_v6,77
453,334,item,18,1164,2025-12-20T05:07:27+00:00,recs_rank_v6,69
454,43,catalog,21,,2025-12-12T19:23:23+00:00,recs_rank_v6,58
455,93,catalog,4,,2026-02-07T11:58:35+00:00,recs_rank_v6,83
456,554,item,21,660,2026-01-31T12:46:53+00:00,recs_rank_v6,63
457,394,catalog,23,,2025-12-30T15:09:18+00:00,recs_rank_v7,51
458,555,catalog,17,,2026-02-12T19:00:14+00:00,recs_rank_v1,85
459,208,cart,2,1196,2026-02-04T03:50:46+00:00,recs_rank_v3,85
460,60,item,21,718,2026-02-21T13:43:19+00:00,recs_rank_v6,85
461,77,catalog,,,2025-12-05T07:39:38+00:00,recs_rank_v1,97
462,238,catalog,5,,2026-01-04T03:56:10+00:00,recs_rank_v6,65
463,62,catalog,2,,2026-01-25T06:57:50+00:00,recs_rank_v6,96
464,244,catalog,8,,2025-12-17T04:16:13+00:00,recs_rank_v6,87
465,12,catalog,5,,2025-12-11T09:59:32+00:00,recs_rank_v6,71
466,543,catalog,3,,2026-01-14T05:54:59+00:00,recs_rank_v5,73
467,141,catalog,10,,2026-01-19T04:37:26+00:00,recs_rank_v6,57
468,324,cart,17,,2026-01-14T16:47:08+00:00,recs_rank_v6,78
469,3,cart,,341,2025-12-03T22:53:34+00:00,recs_rank_v7,67
470,531,catalog,24,,2025-12-14T18:01:33+00:00,recs_rank_v6,40
471,34,cart,5,194,2026-02-26T10:19:01+00:00,recs_rank_v6,98
472,174,catalog,5,,2025-12-23T05:48:22+00:00,recs_rank_v8,74
473,365,item,7,598,2025-12-06T01:05:32+00:00,recs_rank_v6,84
474,266,item,15,665,2025-12-05T17:11:40+00:00,recs_rank_v6,85
475,188,catalog,20,,2026-02-28T21:17:01+00:00,recs_rank_v6,79
476,223,catalog,15,,2026-01-10T11:24:44+00:00,recs_rank_v6,47
477,93,catalog,4,,2026-02-06T04:56:26+00:00,recs_rank_v2,91
478,480,catalog,11,,2026-02-28T10:58:52+00:00,recs_rank_v6,39
479,174,catalog,24,,2025-12-05T04:47:07+00:00,recs_rank_v5,105
480,319,item,15,909,2026-01-08T15:08:44+00:00,recs_rank_v6,69
481,531,item,6,623,2026-01-18T00:39:19+00:00,recs_rank_v4,49
482,96,catalog,,,2025-12-25T05:24:28+00:00,recs_rank_v6,55
483,331,item,7,1199,2026-01-24T07:55:49+00:00,recs_rank_v6,53
484,124,item,14,98,2025-12-24T06:04:29+00:00,recs_rank_v6,80
485,291,item,1,1004,2025-12-09T03:03:29+00:00,recs_rank_v3,78
486,31,item,12,963,2026-01-04T02:27:29+00:00,recs_rank_v7,48
487,53,item,24,141,2025-12-15T15:23:37+00:00,recs_rank_v4,75
488,90,item,5,281,2025-12-19T02:20:17+00:00,recs_rank_v5,99
489,217,catalog,21,,2026-01-01T08:51:27+00:00,recs_rank_v4,64
490,12,cart,2,438,2026-03-02T03:49:00+00:00,recs_rank_v6,94
491,27,cart,17,,2025-12-24T16:04:02+00:00,recs_rank_v8,70
492,590,catalog,,,2025-12-03T03:54:42+00:00,recs_rank_v6,69
493,112,item,10,424,2026-01-18T16:51:55+00:00,recs_rank_v6,80
494,129,catalog,,,2026-01-16T04:34:55+00:00,recs_rank_v6,81
495,183,catalog,8,,2026-01-31T13:47:26+00:00,recs_rank_v2,81
496,86,catalog,19,,2026-03-02T06:40:27+00:00,recs_rank_v4,84
497,80,catalog,11,,2026-01-13T15:15:42+00:00,recs_rank_v4,83
498,299,cart,,8,2026-01-13T14:11:12+00:00,recs_rank_v4,67
499,232,cart,8,771,2026-02-04T10:35:23+00:00,recs_rank_v6,96
500,176,catalog,13,,2026-01-22T09:19:30+00:00,recs_rank_v8,76
501,12,catalog,17,,2026-02-14T04:46:35+00:00,recs_rank_v6,31
502,213,catalog,22,,2025-12-20T14:41:05+00:00,recs_rank_v6,99
503,444,cart,9,,2026-01-10T08:39:22+00:00,recs_rank_v6,95
504,508,item,15,803,2026-02-03T02:15:27+00:00,recs_rank_v6,83
505,4,catalog,10,,2025-12-28T05:30:15+00:00,recs_rank_v5,63
506,175,cart,,,2025-12-22T06:51:29+00:00,recs_rank_v6,90
507,206,catalog,,,2026-02-04T06:21:50+00:00,recs_rank_v1,53
508,427,catalog,13,,2026-01-09T10:08:41+00:00,recs_rank_v7,48
509,536,catalog,12,,2026-01-29T03:08:22+00:00,recs_rank_v7,73
510,344,catalog,,,2026-01-24T02:07:51+00:00,recs_rank_v6,51
511,487,item,3,178,2026-01-12T12:14:53+00:00,recs_rank_v6,67
512,7,catalog,2,,2025-12-18T08:25:24+00:00,recs_rank_v6,75
513,172,catalog,21,,2025-12-21T11:14:54+00:00,recs_rank_v6,42
514,384,catalog,6,,2025-12-30T10:55:11+00:00,recs_rank_v2,31
515,14,catalog,23,,2025-12-30T01:49:57+00:00,recs_rank_v6,132
516,75,item,15,139,2026-01-04T09:25:13+00:00,recs_rank_v6,41
517,364,cart,17,768,2025-12-28T10:26:52+00:00,recs_rank_v6,56
518,346,item,10,408,2025-12-23T06:15:04+00:00,recs_rank_v6,90
519,333,cart,5,,2025-12-31T12:56:42+00:00,recs_rank_v1,112
520,474,item,2,400,2026-02-09T11:31:26+00:00,recs_rank_v6,85
521,510,catalog,,,2026-01-26T18:45:59+00:00,recs_rank_v6,60
522,445,catalog,3,,2025-12-11T16:32:43+00:00,recs_rank_v6,56
523,535,catalog,10,,2026-01-08T07:58:39+00:00,recs_rank_v7,103
524,259,catalog,8,,2026-02-11T00:32:33+00:00,recs_rank_v6,34
525,301,cart,8,102,2025-12-19T01:57:35+00:00,recs_rank_v6,75
526,386,item,16,610,2026-01-20T12:01:57+00:00,recs_rank_v3,42
527,255,cart,,,2026-01-14T16:08:21+00:00,recs_rank_v8,104
528,136,catalog,,,2026-01-16T21:03:00+00:00,recs_rank_v6,106
529,423,catalog,6,,2026-02-09T13:07:19+00:00,recs_rank_v6,66
530,590,catalog,15,,2026-01-19T09:24:10+00:00,recs_rank_v6,112
531,382,catalog,12,,2026-02-08T05:15:32+00:00,recs_rank_v6,93
532,275,catalog,20,,2026-01-03T11:57:21+00:00,recs_rank_v6,85
533,451,catalog,23,,2026-01-21T10:11:03+00:00,recs_rank_v7,64
534,115,catalog,10,,2026-01-01T04:06:26+00:00,recs_rank_v6,69
535,325,catalog,,,2025-12-17T08:08:19+00:00,recs_rank_v6,78
536,600,cart,23,129,2026-02-16T14:07:01+00:00,recs_rank_v6,100
537,562,catalog,3,,2026-01-31T07:51:17+00:00,recs_rank_v6,55
538,75,catalog,,,2026-01-15T19:10:17+00:00,recs_rank_v6,86
539,60,catalog,12,,2025-12-21T08:34:24+00:00,recs_rank_v6,44
540,78,cart,23,1169,2025-12-22T03:32:11+00:00,recs_rank_v6,43
541,249,catalog,20,,2026-01-10T05:34:20+00:00,recs_rank_v6,54
542,229,cart,8,,2025-12-05T12:42:17+00:00,recs_rank_v6,80
543,498,item,5,902,2025-12-04T04:25:47+00:00,recs_rank_v6,62
544,491,catalog,24,,2025-12-31T23:55:20+00:00,recs_rank_v6,102
545,545,catalog,15,,2026-01-31T10:35:30+00:00,recs_rank_v3,79
546,493,catalog,10,,2026-02-08T10:21:17+00:00,recs_rank_v8,28
547,549,catalog,21,,2025-12-12T13:46:44+00:00,recs_rank_v6,59
548,281,catalog,13,,2025-12-11T04:32:54+00:00,recs_rank_v6,81
549,479,catalog,21,,2025-12-11T10:52:45+00:00,recs_rank_v5,75
550,585,catalog,10,,2026-02-14T05:31:32+00:00,recs_rank_v6,37
551,473,catalog,2,,2025-12-09T20:39:43+00:00,recs_rank_v6,68
552,151,catalog,2,,2026-01-17T13:35:29+00:00,recs_rank_v1,102
553,108,catalog,7,,2026-02-24T07:12:43+00:00,recs_rank_v6,124
554,44,catalog,,,2026-01-22T06:24:17+00:00,recs_rank_v6,66
555,228,cart,17,680,2026-01-28T21:38:06+00:00,recs_rank_v6,70
556,567,item,11,1103,2026-02-16T15:20:14+00:00,recs_rank_v6,92
557,517,item,21,585,2026-02-27T07:36:59+00:00,recs_rank_v6,81
558,213,catalog,7,,2026-01-17T13:22:07+00:00,recs_rank_v7,83
559,509,cart,17,,2026-02-13T04:57:18+00:00,recs_rank_v6,66
560,532,catalog,,,2026-02-23T20:24:40+00:00,recs_rank_v6,46
561,20,catalog,13,,2025-12-26T09:27:53+00:00,recs_rank_v6,85
562,307,catalog,,,2025-12-14T05:09:45+00:00,recs_rank_v3,129
563,98,catalog,7,,2025-12-31T04:40:57+00:00,recs_rank_v3,92
564,562,item,3,704,2026-02-03T02:16:08+00:00,recs_rank_v6,73
565,236,catalog,13,,2025-12-26T17:24:42+00:00,recs_rank_v6,62
566,63,catalog,,,2025-12-17T06:49:43+00:00,recs_rank_v1,74
567,355,catalog,6,,2026-02-21T08:45:36+00:00,recs_rank_v6,103
568,336,item,17,939,2026-01-12T03:24:52+00:00,recs_rank_v6,107
569,164,catalog,17,,2025-12-16T19:37:54+00:00,recs_rank_v6,25
570,541,catalog,18,,2026-02-24T10:57:29+00:00,recs_rank_v6,105
571,487,item,10,208,2026-01-28T12:58:23+00:00,recs_rank_v6,77
572,292,cart,,1113,2025-12-19T11:17:25+00:00,recs_rank_v1,95
573,211,catalog,19,,2026-02-03T01:22:53+00:00,recs_rank_v2,88
574,97,catalog,,,2025-12-20T22:38:50+00:00,recs_rank_v3,83
575,107,catalog,6,,2026-01-29T22:59:45+00:00,recs_rank_v6,77
576,266,catalog,3,,2025-12-07T09:52:24+00:00,recs_rank_v3,35
577,335,item,5,281,2026-01-10T11:48:38+00:00,recs_rank_v6,75
578,517,cart,7,193,2026-01-09T06:17:18+00:00,recs_rank_v6,121
579,156,cart,21,885,2026-02-06T22:57:12+00:00,recs_rank_v6,63
580,369,catalog,22,,2026-01-23T22:52:39+00:00,recs_rank_v6,85
581,376,catalog,6,,2026-02-07T03:31:41+00:00,recs_rank_v6,59
582,513,item,12,593,2026-01-18T06:34:30+00:00,recs_rank_v3,114
583,519,catalog,,,2026-02-15T19:24:14+00:00,recs_rank_v2,65
584,491,cart,,,2026-01-04T19:51:37+00:00,recs_rank_v6,78
585,17,catalog,19,,2025-12-04T11:53:05+00:00,recs_rank_v6,112
586,296,cart,,687,2026-02-10T08:11:34+00:00,recs_rank_v8,137
587,514,catalog,10,,2025-12-20T21:09:42+00:00,recs_rank_v6,45
588,446,item,18,416,2025-12-06T04:52:19+00:00,recs_rank_v6,81
589,416,catalog,15,,2025-12-28T04:13:46+00:00,recs_rank_v6,79
590,100,item,3,311,2026-02-06T10:17:16+00:00,recs_rank_v6,48
591,515,item,1,225,2025-12-15T15:39:37+00:00,recs_rank_v6,71
592,263,catalog,16,,2026-02-14T22:54:41+00:00,recs_rank_v6,70
593,98,catalog,7,,2026-02-15T10:58:29+00:00,recs_rank_v6,86
594,211,catalog,6,,2025-12-27T02:18:50+00:00,recs_rank_v2,18
595,275,catalog,,,2025-12-02T20:55:50+00:00,recs_rank_v6,73
596,136,item,17,222,2025-12-10T20:53:36+00:00,recs_rank_v6,72
597,444,catalog,21,,2025-12-10T02:32:36+00:00,recs_rank_v1,50
598,271,catalog,22,,2026-02-08T15:49:11+00:00,recs_rank_v6,55
599,385,catalog,11,,2025-12-29T09:58:58+00:00,recs_rank_v1,75
600,525,item,14,482,2026-01-09T09:25:02+00:00,recs_rank_v6,65
601,180,catalog,13,,2026-02-06T17:51:34+00:00,recs_rank_v4,96
602,284,catalog,14,,2025-12-26T01:45:48+00:00,recs_rank_v6,70
603,216,item,23,884,2026-01-31T22:02:23+00:00,recs_rank_v2,64
604,520,cart,19,,2026-02-17T22:49:54+00:00,recs_rank_v1,139
605,88,item,19,354,2025-12-03T20:46:20+00:00,recs_rank_v8,57
606,503,catalog,23,,2025-12-02T10:31:29+00:00,recs_rank_v6,48
607,348,catalog,21,,2026-02-24T00:07:10+00:00,recs_rank_v6,56
608,476,catalog,6,,2026-01-29T01:44:35+00:00,recs_rank_v5,49
609,121,cart,,1109,2026-02-01T06:27:08+00:00,recs_rank_v6,77
610,523,item,10,306,2026-01-03T01:33:30+00:00,recs_rank_v5,56
611,32,catalog,9,,2026-02-22T07:49:44+00:00,recs_rank_v6,124
612,546,catalog,10,,2025-12-10T08:33:37+00:00,recs_rank_v6,57
613,549,catalog,19,,2026-01-17T16:41:42+00:00,recs_rank_v6,25
614,78,catalog,23,,2026-02-18T12:06:26+00:00,recs_rank_v6,85
615,577,catalog,13,,2025-12-09T23:04:43+00:00,recs_rank_v5,33
616,106,catalog,19,,2026-01-06T21:37:10+00:00,recs_rank_v6,94
617,598,item,24,1078,2025-12-18T22:44:45+00:00,recs_rank_v6,86
618,385,catalog,12,,2025-12-13T21:45:13+00:00,recs_rank_v6,27
619,174,catalog,23,,2026-01-04T03:01:30+00:00,recs_rank_v6,83
620,365,catalog,10,,2026-01-18T01:29:02+00:00,recs_rank_v8,87
621,8,catalog,4,,2026-02-10T08:29:47+00:00,recs_rank_v6,73
622,359,item,12,239,2026-01-15T06:36:13+00:00,recs_rank_v1,61
623,119,catalog,19,,2026-02-11T19:12:03+00:00,recs_rank_v6,56
624,582,cart,14,,2025-12-10T01:17:18+00:00,recs_rank_v6,80
625,424,catalog,16,,2026-02-23T05:55:35+00:00,recs_rank_v6,72
626,575,catalog,5,,2026-02-21T09:17:23+00:00,recs_rank_v4,110
627,480,catalog,6,,2026-01-30T03:22:17+00:00,recs_rank_v5,72
628,547,catalog,7,,2025-12-08T08:43:10+00:00,recs_rank_v6,43
629,170,catalog,18,,2025-12-08T00:31:17+00:00,recs_rank_v6,85
630,104,catalog,3,,2025-12-19T17:02:30+00:00,recs_rank_v6,73
631,96,catalog,10,,2026-01-23T14:59:37+00:00,recs_rank_v6,89
632,275,catalog,13,,2026-01-12T04:20:37+00:00,recs_rank_v6,104
633,471,catalog,,,2026-01-31T13:11:56+00:00,recs_rank_v8,110
634,177,cart,21,,2025-12-28T07:52:05+00:00,recs_rank_v5,74
635,359,item,3,230,2026-02-16T02:58:19+00:00,recs_rank_v6,121
636,440,catalog,14,,2026-02-22T17:56:15+00:00,recs_rank_v4,105
637,524,item,15,417,2025-12-23T09:22:08+00:00,recs_rank_v6,52
638,135,catalog,13,,2026-02-01T02:05:23+00:00,recs_rank_v8,38
639,219,catalog,13,,2025-12-20T03:16:46+00:00,recs_rank_v2,86
640,121,item,12,300,2026-02-06T07:16:38+00:00,recs_rank_v6,115
641,235,catalog,18,,2026-01-31T16:55:59+00:00,recs_rank_v1,81
642,308,item,24,111,2026-02-09T13:16:10+00:00,recs_rank_v6,69
643,467,catalog,23,,2026-03-01T09:13:53+00:00,recs_rank_v6,85
644,290,item,14,900,2026-02-26T03:28:12+00:00,recs_rank_v6,92
645,111,catalog,3,,2026-02-26T01:44:57+00:00,recs_rank_v6,42
646,190,catalog,23,,2025-12-11T18:20:59+00:00,recs_rank_v2,78
647,238,item,15,944,2026-01-03T13:07:56+00:00,recs_rank_v6,36
648,591,catalog,24,,2026-02-21T01:10:49+00:00,recs_rank_v6,97
649,179,cart,3,513,2026-02-19T22:57:38+00:00,recs_rank_v1,61
650,8,catalog,7,,2026-01-07T15:20:22+00:00,recs_rank_v6,118
651,328,catalog,1,,2026-03-01T21:59:56+00:00,recs_rank_v6,97
652,386,cart,19,1156,2026-01-17T03:55:16+00:00,recs_rank_v6,89
653,312,cart,,,2026-01-29T12:48:20+00:00,recs_rank_v6,30
654,59,catalog,12,,2026-01-30T04:02:24+00:00,recs_rank_v6,93
655,464,catalog,,,2026-02-10T11:24:18+00:00,recs_rank_v6,35
656,327,catalog,12,,2026-01-18T02:58:20+00:00,recs_rank_v6,81
657,515,item,11,486,2026-02-22T10:40:37+00:00,recs_rank_v6,107
658,269,item,18,405,2026-01-02T07:59:57+00:00,recs_rank_v6,80
659,565,catalog,,,2025-12-22T13:03:58+00:00,recs_rank_v6,41
660,175,catalog,4,,2025-12-20T17:31:10+00:00,recs_rank_v6,125
661,542,item,14,690,2025-12-31T05:52:34+00:00,recs_rank_v6,77
662,168,item,15,803,2026-02-19T15:19:09+00:00,recs_rank_v5,64
663,201,catalog,15,,2026-02-25T16:39:34+00:00,recs_rank_v2,60
664,101,catalog,10,,2026-01-31T09:16:15+00:00,recs_rank_v1,44
665,449,item,24,675,2025-12-28T00:29:58+00:00,recs_rank_v6,96
666,87,catalog,7,,2025-12-30T03:57:16+00:00,recs_rank_v5,77
667,206,catalog,,,2026-02-18T21:48:32+00:00,recs_rank_v3,35
668,419,cart,16,,2026-01-23T16:33:54+00:00,recs_rank_v6,58
669,511,cart,1,592,2026-01-15T08:46:34+00:00,recs_rank_v6,40
670,94,catalog,15,,2025-12-22T15:08:48+00:00,recs_rank_v6,63
671,7,item,1,1146,2026-02-18T03:41:06+00:00,recs_rank_v6,68
672,272,catalog,24,,2026-01-13T00:04:07+00:00,recs_rank_v6,104
673,447,cart,1,679,2026-01-29T04:33:54+00:00,recs_rank_v3,54
674,107,cart,17,,2026-02-13T17:29:45+00:00,recs_rank_v6,107
675,251,item,12,413,2026-02-10T07:09:49+00:00,recs_rank_v6,84
676,596,item,7,427,2026-01-18T09:22:18+00:00,recs_rank_v6,104
677,272,catalog,17,,2026-02-14T02:56:00+00:00,recs_rank_v6,97
678,597,item,3,349,2026-02-19T23:15:49+00:00,recs_rank_v6,55
679,167,catalog,20,,2026-01-21T06:43:07+00:00,recs_rank_v6,82
680,91,catalog,7,,2026-01-24T03:19:03+00:00,recs_rank_v6,12
681,234,catalog,9,,2025-12-30T21:38:02+00:00,recs_rank_v6,84
682,129,item,9,1073,2026-01-30T01:08:44+00:00,recs_rank_v6,29
683,597,catalog,23,,2025-12-10T08:56:34+00:00,recs_rank_v6,100
684,402,catalog,16,,2026-02-08T14:59:49+00:00,recs_rank_v6,56
685,431,catalog,15,,2026-02-26T07:43:26+00:00,recs_rank_v6,53
686,564,item,5,603,2026-02-24T07:45:34+00:00,recs_rank_v4,54
687,185,catalog,12,,2026-01-23T16:00:37+00:00,recs_rank_v2,113
688,502,cart,4,982,2025-12-03T13:59:36+00:00,recs_rank_v6,77
689,230,catalog,,,2026-01-22T23:05:09+00:00,recs_rank_v6,68
690,340,catalog,5,,2025-12-31T15:27:04+00:00,recs_rank_v6,94
691,382,catalog,14,,2025-12-27T06:11:34+00:00,recs_rank_v4,122
692,219,catalog,4,,2025-12-14T04:17:29+00:00,recs_rank_v6,72
693,333,item,3,194,2026-01-25T22:45:30+00:00,recs_rank_v1,81
694,309,item,12,239,2026-02-16T05:12:30+00:00,recs_rank_v7,71
695,130,catalog,16,,2025-12-11T16:08:59+00:00,recs_rank_v1,73
696,110,cart,14,971,2026-02-14T12:14:34+00:00,recs_rank_v6,90
697,119,catalog,6,,2026-01-14T18:12:14+00:00,recs_rank_v6,73
698,161,item,6,164,2026-01-05T12:13:40+00:00,recs_rank_v6,118
699,289,catalog,,,2025-12-13T22:01:07+00:00,recs_rank_v2,96
700,255,cart,21,24,2026-01-20T05:11:54+00:00,recs_rank_v6,67
701,404,catalog,12,,2026-01-03T20:47:01+00:00,recs_rank_v6,79
702,420,catalog,10,,2026-01-28T07:53:59+00:00,recs_rank_v6,94
703,493,catalog,,,2025-12-30T21:07:37+00:00,recs_rank_v6,75
704,217,cart,,753,2026-01-31T05:50:02+00:00,recs_rank_v6,52
705,172,item,20,701,2026-01-25T01:52:14+00:00,recs_rank_v6,75
706,358,cart,,,2026-01-09T01:31:52+00:00,recs_rank_v6,48
707,529,catalog,17,,2026-02-12T15:46:26+00:00,recs_rank_v6,70
708,48,catalog,2,,2026-01-16T22:49:12+00:00,recs_rank_v6,77
709,424,catalog,16,,2025-12-18T17:08:09+00:00,recs_rank_v6,102
710,79,cart,16,730,2025-12-07T11:38:14+00:00,recs_rank_v6,107
711,287,cart,4,180,2026-01-15T09:28:40+00:00,recs_rank_v8,42
712,52,catalog,,,2026-01-22T18:02:06+00:00,recs_rank_v6,85
713,188,cart,20,870,2026-01-12T06:23:48+00:00,recs_rank_v1,112
714,428,item,17,536,2026-01-22T13:38:48+00:00,recs_rank_v6,66
715,490,catalog,4,,2026-01-22T21:57:01+00:00,recs_rank_v6,41
716,437,catalog,24,,2026-02-16T02:38:17+00:00,recs_rank_v6,91
717,123,catalog,16,,2026-02-11T00:57:16+00:00,recs_rank_v6,62
718,50,catalog,17,,2025-12-13T20:21:27+00:00,recs_rank_v6,87
719,370,item,6,626,2026-02-25T06:47:52+00:00,recs_rank_v6,94
720,488,catalog,,,2026-01-26T13:04:13+00:00,recs_rank_v6,70
721,369,item,17,1046,2025-12-04T12:17:57+00:00,recs_rank_v6,80
722,124,catalog,17,,2026-01-20T02:55:45+00:00,recs_rank_v6,95
723,396,item,13,224,2025-12-21T18:28:36+00:00,recs_rank_v6,79
724,49,catalog,8,,2026-02-03T12:25:26+00:00,recs_rank_v6,80
725,487,cart,1,774,2026-02-22T09:12:53+00:00,recs_rank_v6,86
726,469,item,14,212,2026-03-01T01:06:32+00:00,recs_rank_v6,42
727,473,cart,2,,2025-12-03T23:31:13+00:00,recs_rank_v3,57
728,196,cart,16,,2026-01-14T09:36:38+00:00,recs_rank_v8,98
729,62,item,9,1085,2026-01-30T23:08:41+00:00,recs_rank_v6,87
730,543,item,13,412,2026-01-06T10:51:40+00:00,recs_rank_v8,86
731,58,cart,,,2026-01-24T07:47:09+00:00,recs_rank_v8,85
732,187,catalog,7,,2026-02-01T19:40:43+00:00,recs_rank_v6,55
733,573,cart,15,807,2026-01-15T09:22:34+00:00,recs_rank_v6,78
734,128,catalog,21,,2026-02-17T07:46:46+00:00,recs_rank_v2,12
735,268,catalog,15,,2025-12-13T12:59:28+00:00,recs_rank_v6,29
736,230,catalog,7,,2025-12-21T18:22:26+00:00,recs_rank_v6,65
737,398,catalog,21,,2026-02-24T02:59:05+00:00,recs_rank_v6,105
738,15,catalog,,,2026-01-30T12:58:06+00:00,recs_rank_v6,96
739,269,catalog,8,,2025-12-15T20:00:26+00:00,recs_rank_v3,48
740,132,catalog,14,,2026-01-03T21:31:59+00:00,recs_rank_v6,106
741,113,catalog,9,,2026-01-07T14:09:28+00:00,recs_rank_v6,99
742,584,catalog,14,,2025-12-30T09:16:47+00:00,recs_rank_v6,74
743,260,catalog,14,,2026-01-09T10:14:49+00:00,recs_rank_v5,74
744,429,catalog,4,,2026-02-01T04:28:20+00:00,recs_rank_v1,120
745,402,catalog,17,,2026-02-12T06:40:38+00:00,recs_rank_v6,103
746,551,catalog,,,2025-12-29T07:18:29+00:00,recs_rank_v7,49
747,458,cart,13,,2025-12-08T02:44:03+00:00,recs_rank_v6,26
748,340,item,9,335,2026-02-08T02:02:34+00:00,recs_rank_v3,105
749,297,item,10,1179,2025-12-08T05:21:11+00:00,recs_rank_v6,73
750,124,catalog,4,,2026-02-19T04:44:35+00:00,recs_rank_v6,65
751,29,catalog,8,,2026-01-27T01:47:41+00:00,recs_rank_v6,60
752,176,catalog,,,2025-12-02T17:36:01+00:00,recs_rank_v6,118
753,370,catalog,14,,2026-02-16T03:58:57+00:00,recs_rank_v6,103
754,38,catalog,,,2025-12-22T23:38:49+00:00,recs_rank_v6,54
755,241,catalog,,,2025-12-06T23:43:01+00:00,recs_rank_v1,92
756,599,item,13,911,2026-02-05T16:04:06+00:00,recs_rank_v7,51
757,593,item,16,926,2025-12-15T20:38:11+00:00,recs_rank_v5,38
758,81,catalog,,,2025-12-28T04:44:17+00:00,recs_rank_v6,62
759,408,catalog,4,,2026-01-14T09:48:42+00:00,recs_rank_v6,75
760,423,catalog,4,,2026-01-23T08:29:03+00:00,recs_rank_v6,50
761,583,item,18,846,2025-12-21T09:53:23+00:00,recs_rank_v3,105
762,177,item,9,426,2026-01-22T11:14:21+00:00,recs_rank_v6,33
763,502,catalog,7,,2025-12-23T01:07:47+00:00,recs_rank_v6,61
764,147,catalog,8,,2026-01-19T07:09:52+00:00,recs_rank_v6,63
765,297,cart,,,2025-12-30T22:26:25+00:00,recs_rank_v6,73
766,228,item,16,1036,2026-01-06T11:06:45+00:00,recs_rank_v6,75
767,582,catalog,2,,2025-12-06T22:18:12+00:00,recs_rank_v6,53
768,122,item,15,139,2026-02-20T00:06:25+00:00,recs_rank_v6,109
769,360,item,6,836,2025-12-28T19:31:32+00:00,recs_rank_v6,58
770,61,catalog,7,,2025-12-07T14:08:54+00:00,recs_rank_v6,83
771,174,catalog,5,,2025-12-27T03:43:04+00:00,recs_rank_v6,95
772,133,cart,23,145,2026-02-06T17:50:25+00:00,recs_rank_v6,72
773,153,catalog,14,,2026-02-11T13:30:49+00:00,recs_rank_v2,79
774,184,catalog,14,,2026-01-05T09:23:31+00:00,recs_rank_v6,78
775,147,item,6,189,2026-01-19T01:33:31+00:00,recs_rank_v6,91
776,132,catalog,13,,2025-12-07T00:18:57+00:00,recs_rank_v6,63
777,473,item,11,202,2026-02-05T17:35:02+00:00,recs_rank_v6,86
778,83,cart,4,,2025-12-26T02:57:00+00:00,recs_rank_v6,61
779,337,catalog,9,,2025-12-11T00:54:35+00:00,recs_rank_v5,54
780,242,item,1,45,2026-02-09T01:24:58+00:00,recs_rank_v5,72
781,281,catalog,4,,2026-01-03T18:54:13+00:00,recs_rank_v6,91
782,23,item,13,589,2026-01-18T04:38:28+00:00,recs_rank_v6,62
783,273,catalog,10,,2026-02-07T00:28:24+00:00,recs_rank_v3,126
784,469,item,5,143,2026-02-11T13:40:41+00:00,recs_rank_v5,68
785,556,catalog,,,2026-01-14T04:51:00+00:00,recs_rank_v6,61
786,258,item,22,59,2025-12-29T11:39:15+00:00,recs_rank_v6,23
787,303,catalog,20,,2026-02-19T02:59:43+00:00,recs_rank_v6,77
788,29,catalog,22,,2025-12-26T16:01:42+00:00,recs_rank_v4,82
789,117,catalog,17,,2026-02-03T16:55:42+00:00,recs_rank_v4,56
790,34,item,9,1173,2025-12-20T22:07:24+00:00,recs_rank_v6,69
791,192,cart,17,,2026-01-18T00:25:35+00:00,recs_rank_v6,83
792,520,catalog,,,2025-12-28T18:16:42+00:00,recs_rank_v8,64
793,448,cart,5,266,2025-12-13T11:00:34+00:00,recs_rank_v7,59
794,245,catalog,15,,2026-01-24T06:57:57+00:00,recs_rank_v6,95
795,448,catalog,5,,2026-03-01T04:55:55+00:00,recs_rank_v3,115
796,540,cart,18,,2026-01-26T16:55:27+00:00,recs_rank_v3,92
797,246,catalog,17,,2025-12-14T17:37:04+00:00,recs_rank_v6,22
798,403,catalog,13,,2026-02-20T05:52:07+00:00,recs_rank_v6,86
799,490,catalog,6,,2025-12-21T05:53:32+00:00,recs_rank_v2,39
800,44,item,15,1032,2026-01-28T04:23:51+00:00,recs_rank_v8,131
801,145,catalog,13,,2026-01-03T14:53:49+00:00,recs_rank_v5,50
802,562,catalog,9,,2025-12-08T11:41:04+00:00,recs_rank_v6,34
803,208,catalog,,,2026-01-22T18:30:51+00:00,recs_rank_v6,35
804,226,catalog,6,,2026-02-24T14:34:17+00:00,recs_rank_v6,63
805,93,item,1,258,2025-12-15T05:37:36+00:00,recs_rank_v2,44
806,12,cart,2,,2026-01-21T17:34:02+00:00,recs_rank_v3,83
807,543,catalog,6,,2025-12-24T16:21:05+00:00,recs_rank_v6,62
808,9,cart,22,,2026-01-31T10:11:02+00:00,recs_rank_v6,12
809,145,catalog,21,,2026-02-13T10:59:20+00:00,recs_rank_v6,66
810,201,item,7,480,2025-12-20T14:50:12+00:00,recs_rank_v6,31
811,7,cart,,1185,2026-02-07T11:48:13+00:00,recs_rank_v6,78
812,119,cart,21,182,2026-02-03T17:19:06+00:00,recs_rank_v6,58
813,334,catalog,,,2025-12-24T03:57:13+00:00,recs_rank_v6,88
814,81,catalog,5,,2025-12-18T21:23:24+00:00,recs_rank_v6,96
815,133,catalog,,,2025-12-26T19:21:33+00:00,recs_rank_v3,83
816,87,catalog,5,,2026-02-11T05:21:04+00:00,recs_rank_v6,89
817,142,catalog,21,,2026-01-02T11:58:28+00:00,recs_rank_v6,86
818,325,catalog,2,,2026-02-08T16:22:45+00:00,recs_rank_v8,78
819,52,catalog,13,,2026-01-20T22:08:27+00:00,recs_rank_v6,119
820,210,catalog,8,,2025-12-21T21:35:02+00:00,recs_rank_v6,85
821,561,catalog,21,,2025-12-24T10:49:35+00:00,recs_rank_v6,71
822,568,cart,,743,2025-12-02T13:51:29+00:00,recs_rank_v6,78
823,431,catalog,10,,2025-12-19T20:05:24+00:00,recs_rank_v6,116
824,584,catalog,22,,2026-02-13T15:00:10+00:00,recs_rank_v8,103
825,324,catalog,1,,2026-01-13T10:21:19+00:00,recs_rank_v6,12
826,474,catalog,9,,2026-01-13T06:36:38+00:00,recs_rank_v7,96
827,20,catalog,13,,2026-02-19T12:54:21+00:00,recs_rank_v6,52
828,151,catalog,2,,2026-01-19T06:39:25+00:00,recs_rank_v2,56
829,317,catalog,12,,2025-12-28T10:31:08+00:00,recs_rank_v6,62
830,159,catalog,8,,2026-02-05T20:40:27+00:00,recs_rank_v6,36
831,366,catalog,10,,2026-01-13T02:21:40+00:00,recs_rank_v6,86
832,341,cart,21,497,2026-01-31T15:00:21+00:00,recs_rank_v6,39
833,99,item,3,951,2026-01-19T19:40:19+00:00,recs_rank_v6,54
834,13,catalog,5,,2026-01-19T03:34:51+00:00,recs_rank_v6,83
835,104,catalog,2,,2026-02-14T10:03:49+00:00,recs_rank_v8,69
836,154,item,9,920,2026-03-01T07:26:50+00:00,recs_rank_v6,104
837,584,catalog,20,,2025-12-13T20:08:22+00:00,recs_rank_v6,44
838,158,cart,6,617,2026-02-15T01:48:09+00:00,recs_rank_v1,72
839,267,item,23,870,2026-01-02T15:49:10+00:00,recs_rank_v6,97
840,404,catalog,2,,2026-01-31T14:39:39+00:00,recs_rank_v6,57
841,204,item,2,956,2025-12-06T07:52:00+00:00,recs_rank_v3,71
842,97,catalog,2,,2025-12-19T23:10:44+00:00,recs_rank_v5,73
843,72,item,1,102,2026-02-17T23:58:30+00:00,recs_rank_v2,79
844,547,catalog,,,2025-12-29T00:20:13+00:00,recs_rank_v6,84
845,67,cart,7,486,2026-02-13T19:16:53+00:00,recs_rank_v2,133
846,485,catalog,5,,2025-12-16T09:02:52+00:00,recs_rank_v6,96
847,209,catalog,19,,2025-12-18T18:52:08+00:00,recs_rank_v1,47
848,217,item,18,934,2026-02-12T07:53:59+00:00,recs_rank_v7,49
849,171,item,18,1071,2026-01-18T01:36:43+00:00,recs_rank_v1,98
850,28,catalog,20,,2025-12-10T14:40:13+00:00,recs_rank_v6,114
851,516,catalog,18,,2026-01-26T06:12:54+00:00,recs_rank_v6,95
852,498,catalog,13,,2026-01-01T10:14:34+00:00,recs_rank_v6,87
853,583,catalog,20,,2026-01-28T17:52:15+00:00,recs_rank_v6,48
854,479,catalog,,,2026-01-08T06:58:43+00:00,recs_rank_v6,78
855,288,catalog,,,2026-01-10T15:42:46+00:00,recs_rank_v6,102
856,106,item,1,104,2026-01-13T07:50:54+00:00,recs_rank_v6,116
857,265,catalog,1,,2025-12-10T16:06:41+00:00,recs_rank_v6,55
858,511,catalog,3,,2025-12-06T12:03:19+00:00,recs_rank_v6,70
859,586,catalog,23,,2026-01-24T20:24:12+00:00,recs_rank_v2,97
860,113,cart,18,,2026-01-13T13:57:54+00:00,recs_rank_v6,75
861,311,cart,10,,2026-01-17T00:00:33+00:00,recs_rank_v1,43
862,240,catalog,23,,2026-02-10T08:14:55+00:00,recs_rank_v2,53
863,246,catalog,18,,2026-02-24T13:32:35+00:00,recs_rank_v6,97
864,389,catalog,13,,2026-01-16T02:17:33+00:00,recs_rank_v6,43
865,329,item,13,224,2025-12-29T17:35:34+00:00,recs_rank_v4,35
866,21,catalog,17,,2026-01-28T01:12:37+00:00,recs_rank_v1,130
867,479,cart,21,688,2026-01-28T14:23:42+00:00,recs_rank_v6,86
868,163,item,1,980,2026-01-17T09:13:26+00:00,recs_rank_v6,56
869,352,catalog,20,,2025-12-25T07:55:18+00:00,recs_rank_v6,12
870,249,cart,21,1156,2026-01-30T05:37:51+00:00,recs_rank_v5,67
871,406,catalog,7,,2025-12-30T20:43:11+00:00,recs_rank_v6,88
872,351,item,13,260,2026-02-24T17:43:01+00:00,recs_rank_v6,112
873,259,catalog,17,,2026-02-24T12:48:42+00:00,recs_rank_v6,131
874,159,item,21,984,2025-12-13T22:37:34+00:00,recs_rank_v1,22
875,141,catalog,,,2025-12-28T07:05:44+00:00,recs_rank_v5,99
876,201,item,5,193,2026-01-09T17:52:10+00:00,recs_rank_v6,86
877,203,cart,,1104,2026-01-29T19:06:11+00:00,recs_rank_v6,64
878,177,catalog,7,,2025-12-19T14:24:22+00:00,recs_rank_v6,67
879,525,item,9,965,2026-02-27T01:23:38+00:00,recs_rank_v6,95
880,258,item,17,536,2026-02-25T07:05:45+00:00,recs_rank_v5,68
881,113,catalog,,,2026-01-07T08:15:40+00:00,recs_rank_v8,110
882,511,cart,,,2025-12-21T08:31:18+00:00,recs_rank_v6,119
883,118,item,6,789,2025-12-07T02:15:10+00:00,recs_rank_v8,72
884,410,catalog,8,,2026-02-12T12:55:05+00:00,recs_rank_v3,94
885,451,item,6,1013,2026-01-30T15:07:23+00:00,recs_rank_v6,75
886,319,catalog,7,,2026-02-20T14:18:27+00:00,recs_rank_v6,74
887,435,cart,,,2026-01-22T16:22:33+00:00,recs_rank_v6,72
888,153,cart,17,746,2026-01-17T01:02:17+00:00,recs_rank_v2,67
889,375,item,12,1155,2025-12-22T09:11:17+00:00,recs_rank_v3,23
890,33,item,3,521,2026-01-20T10:45:53+00:00,recs_rank_v3,30
891,429,item,18,215,2026-01-03T15:11:26+00:00,recs_rank_v6,82
892,103,item,17,243,2026-02-20T03:22:21+00:00,recs_rank_v4,114
893,112,catalog,12,,2025-12-22T10:13:48+00:00,recs_rank_v6,108
894,421,catalog,3,,2025-12-10T01:57:06+00:00,recs_rank_v6,80
895,465,catalog,24,,2026-01-12T22:49:56+00:00,recs_rank_v6,71
896,77,cart,16,761,2026-01-25T04:31:16+00:00,recs_rank_v3,104
897,512,catalog,14,,2026-01-03T12:32:10+00:00,recs_rank_v5,81
898,248,catalog,,,2026-02-14T04:17:34+00:00,recs_rank_v6,24
899,218,catalog,15,,2025-12-06T22:12:00+00:00,recs_rank_v6,107
900,572,catalog,6,,2026-02-07T21:53:04+00:00,recs_rank_v6,75
901,27,cart,17,,2026-02-23T16:35:12+00:00,recs_rank_v6,48
902,120,catalog,20,,2025-12-24T01:43:08+00:00,recs_rank_v8,87
903,367,cart,,165,2026-02-04T16:39:21+00:00,recs_rank_v6,95
904,356,item,17,924,2025-12-27T03:31:01+00:00,recs_rank_v6,96
905,112,item,3,349,2025-12-23T12:54:32+00:00,recs_rank_v6,94
906,150,catalog,19,,2025-12-21T06:15:22+00:00,recs_rank_v6,61
907,23,cart,10,177,2025-12-09T19:16:11+00:00,recs_rank_v6,113
908,43,catalog,20,,2026-01-07T22:26:22+00:00,recs_rank_v2,57
909,491,cart,7,165,2026-01-01T10:11:59+00:00,recs_rank_v6,99
910,103,catalog,16,,2026-01-02T04:36:07+00:00,recs_rank_v8,97
911,537,catalog,,,2026-02-20T15:13:36+00:00,recs_rank_v4,103
912,197,catalog,1,,2026-02-02T16:34:20+00:00,recs_rank_v6,137
913,294,catalog,1,,2025-12-17T05:39:44+00:00,recs_rank_v7,141
914,592,catalog,4,,2026-02-07T08:11:02+00:00,recs_rank_v6,35
915,369,catalog,,,2026-02-23T08:14:43+00:00,recs_rank_v6,42
916,173,catalog,,,2025-12-15T03:25:42+00:00,recs_rank_v6,57
917,60,catalog,2,,2026-02-03T08:55:03+00:00,recs_rank_v5,58
918,97,catalog,24,,2026-02-05T20:25:49+00:00,recs_rank_v1,65
919,111,catalog,3,,2026-01-15T12:06:30+00:00,recs_rank_v6,63
920,22,item,9,755,2026-02-23T02:28:35+00:00,recs_rank_v6,75
921,556,item,5,891,2026-01-27T20:59:57+00:00,recs_rank_v8,59
922,600,catalog,8,,2026-02-18T06:13:59+00:00,recs_rank_v6,100
923,455,item,8,912,2026-02-20T01:38:34+00:00,recs_rank_v6,45
924,548,item,3,1039,2026-01-31T00:52:47+00:00,recs_rank_v6,46
925,255,catalog,,,2026-01-16T23:46:15+00:00,recs_rank_v6,60
926,493,cart,,1178,2025-12-26T06:22:16+00:00,recs_rank_v6,36
927,276,cart,1,,2026-01-21T05:00:50+00:00,recs_rank_v6,85
928,138,item,22,864,2026-01-27T16:22:26+00:00,recs_rank_v3,44
929,247,catalog,,,2025-12-21T08:17:11+00:00,recs_rank_v5,49
930,203,cart,16,,2025-12-14T00:10:18+00:00,recs_rank_v2,64
931,129,item,24,638,2025-12-07T00:03:18+00:00,recs_rank_v2,77
932,178,catalog,10,,2025-12-08T01:43:54+00:00,recs_rank_v6,91
933,109,catalog,19,,2025-12-20T19:36:22+00:00,recs_rank_v6,95
934,79,catalog,16,,2026-01-01T22:13:40+00:00,recs_rank_v6,83
935,348,catalog,14,,2026-02-13T00:17:36+00:00,recs_rank_v6,85
936,173,catalog,23,,2026-02-25T09:16:08+00:00,recs_rank_v6,46
937,421,catalog,16,,2026-01-25T07:05:04+00:00,recs_rank_v6,109
938,294,catalog,15,,2026-02-09T07:20:40+00:00,recs_rank_v3,86
939,348,catalog,7,,2026-02-01T18:01:54+00:00,recs_rank_v6,85
940,529,catalog,5,,2025-12-02T13:54:53+00:00,recs_rank_v6,68
941,118,catalog,16,,2026-01-01T21:35:26+00:00,recs_rank_v5,88
942,472,catalog,2,,2026-02-16T00:00:01+00:00,recs_rank_v6,55
943,444,catalog,14,,2026-02-27T02:02:32+00:00,recs_rank_v3,71
944,443,catalog,17,,2026-02-14T09:26:09+00:00,recs_rank_v6,29
945,242,catalog,6,,2026-02-22T13:38:02+00:00,recs_rank_v6,87
946,367,item,7,588,2026-01-12T18:41:38+00:00,recs_rank_v6,75
947,461,cart,21,,2025-12-04T18:25:38+00:00,recs_rank_v6,80
948,410,catalog,8,,2025-12-02T19:26:23+00:00,recs_rank_v7,49
949,413,catalog,5,,2026-01-05T11:48:40+00:00,recs_rank_v6,87
950,261,catalog,,,2026-01-30T18:37:28+00:00,recs_rank_v6,111
951,187,catalog,16,,2026-02-13T05:18:11+00:00,recs_rank_v6,70
952,363,cart,14,,2026-02-19T11:30:29+00:00,recs_rank_v6,82
953,593,catalog,2,,2025-12-11T00:08:08+00:00,recs_rank_v6,53
954,153,item,5,113,2025-12-06T21:30:01+00:00,recs_rank_v6,86
955,588,catalog,18,,2025-12-06T20:59:34+00:00,recs_rank_v4,75
956,56,item,11,1105,2025-12-30T20:25:53+00:00,recs_rank_v6,61
957,225,catalog,,,2026-02-22T06:45:59+00:00,recs_rank_v6,75
958,281,catalog,3,,2026-01-14T12:40:47+00:00,recs_rank_v6,87
959,305,catalog,3,,2026-01-29T00:45:20+00:00,recs_rank_v6,69
960,295,catalog,7,,2026-01-26T15:38:45+00:00,recs_rank_v6,84
961,4,cart,,,2025-12-24T12:22:10+00:00,recs_rank_v6,67
962,530,catalog,2,,2026-01-31T18:25:10+00:00,recs_rank_v6,72
963,110,item,6,813,2025-12-03T05:35:00+00:00,recs_rank_v5,86
964,471,item,13,592,2025-12-24T07:01:18+00:00,recs_rank_v6,86
965,226,catalog,21,,2025-12-09T17:39:22+00:00,recs_rank_v6,60
966,116,catalog,,,2025-12-23T19:41:34+00:00,recs_rank_v4,47
967,513,catalog,1,,2025-12-14T09:42:15+00:00,recs_rank_v6,72
968,390,catalog,13,,2026-01-10T07:35:52+00:00,recs_rank_v6,92
969,397,cart,1,,2026-01-23T16:24:27+00:00,recs_rank_v8,50
970,396,item,13,246,2025-12-23T18:24:51+00:00,recs_rank_v4,38
971,439,catalog,8,,2026-02-20T03:49:37+00:00,recs_rank_v6,91
972,255,catalog,21,,2026-02-24T02:25:45+00:00,recs_rank_v6,105
973,329,catalog,5,,2025-12-16T21:29:19+00:00,recs_rank_v6,67
974,414,item,22,292,2025-12-23T06:31:02+00:00,recs_rank_v2,58
975,454,catalog,4,,2025-12-15T20:51:28+00:00,recs_rank_v6,88
976,535,catalog,,,2026-01-30T05:19:14+00:00,recs_rank_v7,88
977,361,catalog,12,,2026-01-15T03:56:11+00:00,recs_rank_v6,61
978,113,catalog,15,,2026-02-10T12:26:38+00:00,recs_rank_v6,107
979,361,item,12,336,2026-02-19T16:43:59+00:00,recs_rank_v6,90
980,147,catalog,19,,2026-02-16T12:30:43+00:00,recs_rank_v7,88
981,420,item,9,29,2026-02-20T11:35:00+00:00,recs_rank_v6,87
982,204,item,15,785,2025-12-15T10:31:54+00:00,recs_rank_v6,17
983,574,item,21,711,2026-02-14T12:42:01+00:00,recs_rank_v6,56
984,172,item,22,1088,2025-12-28T03:40:56+00:00,recs_rank_v4,77
985,110,catalog,,,2026-01-28T20:04:59+00:00,recs_rank_v6,78
986,574,catalog,2,,2025-12-15T17:58:35+00:00,recs_rank_v6,93
987,317,catalog,23,,2026-02-19T15:28:20+00:00,recs_rank_v4,70
988,454,catalog,3,,2026-01-26T13:41:23+00:00,recs_rank_v6,55
989,492,catalog,,,2025-12-26T00:14:10+00:00,recs_rank_v6,31
990,34,catalog,14,,2026-02-23T19:14:34+00:00,recs_rank_v6,52
991,191,catalog,4,,2026-01-04T00:22:12+00:00,recs_rank_v6,69
992,8,item,24,710,2026-01-06T07:05:16+00:00,recs_rank_v5,51
993,359,catalog,6,,2026-02-08T16:32:43+00:00,recs_rank_v6,84
994,485,catalog,14,,2026-02-24T03:48:17+00:00,recs_rank_v6,91
995,136,catalog,9,,2026-01-25T00:09:16+00:00,recs_rank_v7,64
996,13,item,8,368,2026-01-08T20:08:51+00:00,recs_rank_v6,88
997,585,catalog,19,,2025-12-07T20:16:21+00:00,recs_rank_v6,39
998,217,catalog,6,,2025-12-20T19:04:11+00:00,recs_rank_v6,51
999,149,item,17,551,2026-02-22T06:14:35+00:00,recs_rank_v6,95
1000,401,catalog,10,,2026-02-28T22:02:32+00:00,recs_rank_v6,104
1001,202,item,1,244,2025-12-31T10:58:06+00:00,recs_rank_v6,70
1002,219,item,4,248,2025-12-29T18:54:14+00:00,recs_rank_v6,85
1003,91,cart,13,1011,2026-02-15T21:51:22+00:00,recs_rank_v7,46
1004,319,item,22,996,2025-12-22T01:01:51+00:00,recs_rank_v6,80
1005,191,item,5,485,2026-02-13T08:14:15+00:00,recs_rank_v6,91
1006,514,catalog,,,2026-01-28T23:08:15+00:00,recs_rank_v6,71
1007,532,catalog,22,,2026-02-27T01:30:19+00:00,recs_rank_v6,72
1008,90,item,8,798,2026-01-24T20:13:20+00:00,recs_rank_v6,97
1009,470,cart,3,675,2025-12-02T22:30:43+00:00,recs_rank_v6,58
1010,189,item,11,465,2026-01-17T03:02:07+00:00,recs_rank_v4,80
1011,554,cart,2,763,2026-02-09T15:52:51+00:00,recs_rank_v6,78
1012,590,catalog,4,,2026-01-28T09:43:36+00:00,recs_rank_v6,103
1013,20,item,4,1161,2026-02-21T05:11:05+00:00,recs_rank_v2,119
1014,406,catalog,19,,2026-01-14T20:30:46+00:00,recs_rank_v6,106
1015,182,catalog,12,,2025-12-22T01:45:27+00:00,recs_rank_v6,67
1016,539,cart,,320,2025-12-20T09:54:03+00:00,recs_rank_v6,55
1017,483,catalog,9,,2025-12-21T14:59:17+00:00,recs_rank_v7,81
1018,24,catalog,4,,2026-01-19T18:10:43+00:00,recs_rank_v6,86
1019,222,catalog,4,,2026-01-11T02:53:56+00:00,recs_rank_v2,76
1020,195,catalog,,,2026-02-17T19:46:40+00:00,recs_rank_v6,95
1021,54,cart,10,306,2026-01-29T21:34:48+00:00,recs_rank_v3,113
1022,256,catalog,16,,2025-12-03T00:41:46+00:00,recs_rank_v7,89
1023,315,catalog,1,,2025-12-07T17:46:21+00:00,recs_rank_v4,46
1024,537,item,1,566,2026-02-11T11:46:33+00:00,recs_rank_v6,92
1025,164,item,24,1074,2026-01-26T02:27:46+00:00,recs_rank_v4,42
1026,294,catalog,1,,2025-12-12T03:37:26+00:00,recs_rank_v6,120
1027,166,catalog,11,,2026-01-18T18:56:10+00:00,recs_rank_v6,109
1028,354,cart,,1034,2026-01-04T06:25:29+00:00,recs_rank_v6,55
1029,71,cart,4,130,2026-01-08T22:13:15+00:00,recs_rank_v6,57
1030,141,cart,,,2026-01-30T21:33:14+00:00,recs_rank_v7,102
1031,390,catalog,13,,2026-01-28T15:17:31+00:00,recs_rank_v1,85
1032,97,item,6,712,2026-03-01T15:17:48+00:00,recs_rank_v1,97
1033,138,catalog,14,,2025-12-17T06:51:09+00:00,recs_rank_v6,71
1034,585,catalog,16,,2025-12-04T18:57:18+00:00,recs_rank_v8,97
1035,515,item,17,1051,2025-12-07T07:24:21+00:00,recs_rank_v4,100
1036,491,catalog,21,,2026-01-30T05:18:23+00:00,recs_rank_v4,86
1037,448,cart,23,535,2026-01-29T07:41:15+00:00,recs_rank_v6,111
1038,522,catalog,19,,2025-12-04T22:08:01+00:00,recs_rank_v6,99
1039,258,catalog,20,,2025-12-19T02:21:13+00:00,recs_rank_v1,99
1040,109,catalog,17,,2026-01-04T22:34:10+00:00,recs_rank_v6,81
1041,564,item,17,536,2026-01-25T19:48:53+00:00,recs_rank_v6,96
1042,59,catalog,17,,2025-12-20T22:08:31+00:00,recs_rank_v6,94
1043,93,catalog,8,,2026-02-25T05:14:57+00:00,recs_rank_v6,65
1044,102,item,1,1097,2026-01-31T06:47:35+00:00,recs_rank_v4,109
1045,1,cart,15,,2026-01-23T09:17:05+00:00,recs_rank_v4,105
1046,182,catalog,12,,2026-01-03T03:19:56+00:00,recs_rank_v6,43
1047,96,catalog,18,,2026-01-14T15:01:16+00:00,recs_rank_v5,91
1048,330,catalog,14,,2025-12-25T08:09:53+00:00,recs_rank_v6,54
1049,593,item,11,591,2025-12-29T16:13:34+00:00,recs_rank_v6,75
1050,140,catalog,6,,2026-03-01T07:52:26+00:00,recs_rank_v4,57
1051,413,catalog,5,,2025-12-24T06:45:44+00:00,recs_rank_v8,72
1052,473,catalog,5,,2025-12-03T20:07:42+00:00,recs_rank_v6,32
1053,501,catalog,4,,2026-01-18T17:04:35+00:00,recs_rank_v6,57
1054,185,catalog,3,,2026-02-07T07:23:16+00:00,recs_rank_v6,68
1055,1,cart,9,108,2026-01-24T23:59:50+00:00,recs_rank_v6,66
1056,240,catalog,17,,2025-12-06T19:56:33+00:00,recs_rank_v6,82
1057,33,catalog,12,,2025-12-08T06:08:40+00:00,recs_rank_v6,59
1058,80,cart,22,,2026-02-11T08:50:40+00:00,recs_rank_v6,62
1059,349,item,17,1099,2026-01-23T23:30:08+00:00,recs_rank_v5,103
1060,23,cart,16,873,2025-12-02T17:00:55+00:00,recs_rank_v6,79
1061,52,catalog,,,2026-02-26T08:05:38+00:00,recs_rank_v8,63
1062,377,catalog,24,,2026-02-09T18:01:43+00:00,recs_rank_v6,56
1063,242,cart,6,,2026-02-15T10:27:59+00:00,recs_rank_v5,65
1064,415,catalog,17,,2025-12-06T07:35:05+00:00,recs_rank_v3,121
1065,545,catalog,14,,2026-01-04T11:28:46+00:00,recs_rank_v6,78
1066,597,catalog,8,,2025-12-08T21:29:30+00:00,recs_rank_v6,137
1067,28,catalog,6,,2026-01-09T10:22:47+00:00,recs_rank_v6,69
1068,410,catalog,,,2026-01-10T06:00:40+00:00,recs_rank_v6,71
1069,131,item,15,309,2026-01-26T13:32:16+00:00,recs_rank_v3,70
1070,221,item,9,642,2025-12-24T14:01:53+00:00,recs_rank_v6,82
1071,54,cart,,1066,2026-01-17T10:15:11+00:00,recs_rank_v6,49
1072,366,cart,20,261,2026-01-03T18:09:35+00:00,recs_rank_v6,86
1073,437,item,13,260,2026-01-31T00:07:00+00:00,recs_rank_v6,56
1074,108,catalog,3,,2026-02-26T14:54:50+00:00,recs_rank_v6,61
1075,267,catalog,15,,2025-12-24T04:48:04+00:00,recs_rank_v6,68
1076,63,catalog,10,,2026-02-13T05:42:54+00:00,recs_rank_v6,78
1077,31,catalog,,,2026-01-27T13:49:09+00:00,recs_rank_v6,61
1078,517,catalog,16,,2025-12-27T08:25:39+00:00,recs_rank_v3,76
1079,4,catalog,6,,2026-02-11T18:48:38+00:00,recs_rank_v6,98
1080,57,catalog,13,,2025-12-31T02:06:44+00:00,recs_rank_v4,79
1081,192,item,16,261,2026-02-12T21:00:25+00:00,recs_rank_v6,74
1082,326,catalog,10,,2025-12-07T19:17:54+00:00,recs_rank_v6,65
1083,323,item,18,934,2026-01-05T09:26:52+00:00,recs_rank_v1,42
1084,486,catalog,,,2025-12-19T18:09:18+00:00,recs_rank_v6,64
1085,227,catalog,17,,2026-01-29T19:25:06+00:00,recs_rank_v1,62
1086,494,item,5,1168,2025-12-06T21:32:21+00:00,recs_rank_v6,78
1087,139,catalog,10,,2026-01-05T15:02:27+00:00,recs_rank_v7,91
1088,357,catalog,10,,2026-01-02T22:02:12+00:00,recs_rank_v6,80
1089,301,catalog,6,,2025-12-12T20:38:33+00:00,recs_rank_v6,48
1090,162,catalog,1,,2026-01-02T12:54:02+00:00,recs_rank_v4,81
1091,312,catalog,22,,2025-12-03T11:04:45+00:00,recs_rank_v6,76
1092,285,catalog,21,,2026-01-10T03:34:20+00:00,recs_rank_v6,54
1093,222,catalog,4,,2025-12-14T13:08:42+00:00,recs_rank_v6,36
1094,36,catalog,19,,2025-12-17T20:25:11+00:00,recs_rank_v6,64
1095,382,catalog,14,,2025-12-20T09:43:21+00:00,recs_rank_v6,62
1096,239,catalog,19,,2026-01-22T03:01:25+00:00,recs_rank_v6,59
1097,266,catalog,3,,2026-02-01T21:51:31+00:00,recs_rank_v7,110
1098,64,catalog,21,,2025-12-20T21:31:46+00:00,recs_rank_v5,53
1099,513,catalog,5,,2026-01-18T22:39:04+00:00,recs_rank_v6,101
1100,132,item,13,301,2025-12-06T18:29:08+00:00,recs_rank_v6,97
1101,136,catalog,16,,2025-12-29T03:43:21+00:00,recs_rank_v6,56
1102,93,catalog,3,,2026-01-20T07:06:45+00:00,recs_rank_v6,55
1103,311,catalog,,,2026-01-23T23:10:41+00:00,recs_rank_v6,63
1104,392,item,13,942,2025-12-04T15:32:21+00:00,recs_rank_v6,75
1105,430,item,23,168,2026-02-17T00:20:22+00:00,recs_rank_v7,92
1106,508,catalog,24,,2025-12-02T22:57:29+00:00,recs_rank_v5,133
1107,490,catalog,4,,2025-12-02T23:30:26+00:00,recs_rank_v4,97
1108,440,item,3,361,2025-12-08T16:14:49+00:00,recs_rank_v6,100
1109,142,catalog,15,,2026-01-12T03:38:43+00:00,recs_rank_v6,89
1110,449,item,21,371,2026-01-01T14:25:18+00:00,recs_rank_v6,107
1111,71,catalog,9,,2026-01-24T10:45:15+00:00,recs_rank_v6,60
1112,371,cart,4,,2025-12-20T13:40:03+00:00,recs_rank_v4,94
1113,191,catalog,4,,2026-02-07T19:16:20+00:00,recs_rank_v6,74
1114,441,item,22,829,2026-01-24T06:19:25+00:00,recs_rank_v6,45
1115,361,catalog,24,,2026-02-28T18:23:44+00:00,recs_rank_v7,29
1116,501,catalog,1,,2025-12-11T04:11:03+00:00,recs_rank_v8,51
1117,533,catalog,,,2026-01-15T13:33:19+00:00,recs_rank_v6,117
1118,295,catalog,,,2025-12-07T16:48:42+00:00,recs_rank_v6,92
1119,358,cart,,,2026-01-29T05:04:18+00:00,recs_rank_v6,55
1120,538,catalog,18,,2026-02-16T06:32:07+00:00,recs_rank_v6,67
1121,87,catalog,13,,2026-01-01T11:26:02+00:00,recs_rank_v6,72
1122,575,catalog,5,,2026-01-08T02:32:14+00:00,recs_rank_v6,45
1123,588,cart,20,625,2025-12-13T16:49:53+00:00,recs_rank_v1,100
1124,334,item,18,531,2025-12-21T01:08:22+00:00,recs_rank_v2,37
1125,311,catalog,,,2026-01-22T12:58:12+00:00,recs_rank_v5,73
1126,217,catalog,9,,2025-12-14T15:32:57+00:00,recs_rank_v6,78
1127,368,catalog,12,,2025-12-12T19:50:10+00:00,recs_rank_v6,52
1128,44,item,3,310,2025-12-25T06:43:00+00:00,recs_rank_v6,81
1129,176,cart,13,665,2025-12-30T14:50:38+00:00,recs_rank_v6,74
1130,569,catalog,8,,2025-12-26T18:09:43+00:00,recs_rank_v6,31
1131,49,item,2,409,2025-12-26T19:34:26+00:00,recs_rank_v5,50
1132,61,catalog,14,,2026-01-20T22:37:04+00:00,recs_rank_v6,71
1133,374,catalog,21,,2026-02-01T22:20:14+00:00,recs_rank_v6,89
1134,423,catalog,13,,2026-01-13T12:57:29+00:00,recs_rank_v6,49
1135,343,catalog,20,,2026-02-09T16:26:15+00:00,recs_rank_v6,83
1136,3,catalog,,,2026-02-15T03:02:30+00:00,recs_rank_v6,77
1137,115,item,11,488,2026-02-26T21:11:00+00:00,recs_rank_v2,58
1138,553,catalog,14,,2025-12-31T19:17:17+00:00,recs_rank_v6,111
1139,473,item,19,201,2026-01-09T09:25:16+00:00,recs_rank_v6,37
1140,566,catalog,15,,2025-12-27T01:29:03+00:00,recs_rank_v5,99
1141,220,item,2,1098,2026-02-25T22:03:39+00:00,recs_rank_v4,134
1142,383,catalog,20,,2026-01-10T13:36:13+00:00,recs_rank_v3,54
1143,139,catalog,21,,2026-01-25T04:04:59+00:00,recs_rank_v6,71
1144,506,cart,21,,2025-12-24T08:35:51+00:00,recs_rank_v8,86
1145,177,catalog,24,,2026-01-19T07:46:59+00:00,recs_rank_v6,96
1146,225,catalog,14,,2026-01-07T05:50:21+00:00,recs_rank_v6,78
1147,290,catalog,,,2026-02-21T08:00:23+00:00,recs_rank_v6,52
1148,318,item,4,839,2025-12-15T17:16:13+00:00,recs_rank_v6,84
1149,317,catalog,,,2025-12-04T11:04:43+00:00,recs_rank_v5,71
1150,103,catalog,16,,2025-12-14T17:58:08+00:00,recs_rank_v6,77
1151,145,catalog,13,,2026-01-08T07:23:35+00:00,recs_rank_v6,93
1152,248,item,18,1191,2026-02-14T07:33:35+00:00,recs_rank_v6,66
1153,471,catalog,5,,2025-12-06T04:17:37+00:00,recs_rank_v6,76
1154,291,catalog,18,,2026-02-25T11:11:29+00:00,recs_rank_v6,90
1155,9,item,19,201,2026-02-07T04:52:54+00:00,recs_rank_v6,53
1156,577,catalog,19,,2026-01-09T09:41:17+00:00,recs_rank_v6,74
1157,596,cart,13,1018,2026-02-05T11:57:05+00:00,recs_rank_v2,68
1158,120,cart,,850,2026-02-03T20:10:14+00:00,recs_rank_v6,90
1159,30,item,19,1158,2026-01-01T08:43:01+00:00,recs_rank_v6,80
1160,12,catalog,5,,2025-12-10T22:48:07+00:00,recs_rank_v6,52
1161,194,catalog,1,,2026-02-04T17:30:34+00:00,recs_rank_v6,89
1162,376,item,24,247,2025-12-08T06:38:03+00:00,recs_rank_v5,23
1163,221,cart,24,507,2026-01-01T11:06:15+00:00,recs_rank_v5,85
1164,598,catalog,6,,2025-12-28T12:51:07+00:00,recs_rank_v3,38
1165,29,item,3,702,2026-02-14T12:22:02+00:00,recs_rank_v6,64
1166,526,catalog,16,,2025-12-21T12:50:52+00:00,recs_rank_v6,60
1167,74,cart,19,,2026-02-12T10:19:39+00:00,recs_rank_v6,56
1168,291,catalog,13,,2026-02-23T17:01:51+00:00,recs_rank_v6,50
1169,3,cart,22,,2025-12-03T20:16:52+00:00,recs_rank_v6,48
1170,504,catalog,15,,2025-12-18T15:24:56+00:00,recs_rank_v7,60
1171,191,catalog,8,,2026-01-17T09:23:08+00:00,recs_rank_v8,68
1172,73,item,14,339,2025-12-17T10:59:09+00:00,recs_rank_v6,47
1173,212,catalog,3,,2026-01-28T15:21:12+00:00,recs_rank_v8,58
1174,506,catalog,,,2025-12-20T11:16:07+00:00,recs_rank_v6,60
1175,273,catalog,,,2026-01-06T16:58:40+00:00,recs_rank_v6,97
1176,159,catalog,9,,2025-12-25T06:27:41+00:00,recs_rank_v7,90
1177,397,catalog,12,,2025-12-16T06:31:15+00:00,recs_rank_v6,58
1178,31,catalog,24,,2026-01-10T12:39:22+00:00,recs_rank_v6,61
1179,39,catalog,3,,2026-01-27T01:38:38+00:00,recs_rank_v6,57
1180,350,item,13,1082,2026-02-09T03:06:07+00:00,recs_rank_v6,134
1181,466,catalog,20,,2025-12-25T19:48:40+00:00,recs_rank_v6,48
1182,254,catalog,11,,2025-12-14T13:55:37+00:00,recs_rank_v6,78
1183,437,catalog,14,,2025-12-04T14:37:51+00:00,recs_rank_v6,52
1184,208,catalog,10,,2026-02-12T00:35:25+00:00,recs_rank_v2,86
1185,136,catalog,,,2026-01-04T13:05:26+00:00,recs_rank_v6,66
1186,318,cart,,876,2026-01-02T15:56:36+00:00,recs_rank_v5,86
1187,3,catalog,13,,2026-02-28T01:48:59+00:00,recs_rank_v6,72
1188,492,catalog,,,2025-12-23T20:06:58+00:00,recs_rank_v5,81
1189,508,item,15,309,2026-01-16T02:05:44+00:00,recs_rank_v6,69
1190,471,item,19,180,2026-02-23T02:20:37+00:00,recs_rank_v6,19
1191,143,cart,,1044,2026-01-28T02:57:11+00:00,recs_rank_v6,75
1192,236,catalog,,,2026-01-13T03:35:11+00:00,recs_rank_v6,81
1193,478,catalog,13,,2026-01-09T13:29:22+00:00,recs_rank_v6,113
1194,182,catalog,12,,2025-12-05T10:37:16+00:00,recs_rank_v6,94
1195,468,catalog,24,,2026-02-16T06:03:22+00:00,recs_rank_v6,111
1196,131,catalog,8,,2026-01-27T20:03:48+00:00,recs_rank_v6,60
1197,540,catalog,,,2026-02-01T05:55:12+00:00,recs_rank_v6,93
1198,131,catalog,2,,2026-02-07T01:36:05+00:00,recs_rank_v6,57
1199,219,catalog,13,,2026-01-23T14:39:08+00:00,recs_rank_v6,42
1200,203,cart,16,448,2026-01-15T22:55:21+00:00,recs_rank_v1,87
1201,294,catalog,23,,2026-01-21T22:36:08+00:00,recs_rank_v6,113
1202,475,catalog,21,,2025-12-06T16:39:44+00:00,recs_rank_v1,94
1203,460,catalog,17,,2025-12-11T10:03:44+00:00,recs_rank_v1,67
1204,77,item,2,559,2026-02-16T22:35:16+00:00,recs_rank_v7,120
1205,359,catalog,9,,2026-02-11T16:57:14+00:00,recs_rank_v1,92
1206,76,catalog,,,2025-12-14T14:15:19+00:00,recs_rank_v6,56
1207,43,catalog,,,2026-01-24T08:01:55+00:00,recs_rank_v6,90
1208,52,cart,13,64,2026-01-26T18:19:27+00:00,recs_rank_v6,54
1209,488,catalog,20,,2025-12-17T05:24:29+00:00,recs_rank_v6,48
1210,236,catalog,20,,2026-02-25T14:26:15+00:00,recs_rank_v5,98
1211,394,catalog,,,2025-12-07T12:48:35+00:00,recs_rank_v6,70
1212,338,catalog,2,,2026-01-02T01:50:22+00:00,recs_rank_v6,76
1213,376,catalog,,,2025-12-09T23:52:31+00:00,recs_rank_v6,84
1214,295,catalog,18,,2026-02-02T21:09:52+00:00,recs_rank_v6,73
1215,531,cart,3,681,2026-01-22T15:20:39+00:00,recs_rank_v6,65
1216,210,catalog,6,,2026-01-10T14:09:36+00:00,recs_rank_v6,95
1217,28,catalog,1,,2026-01-14T17:58:48+00:00,recs_rank_v6,72
1218,582,catalog,14,,2026-02-21T15:34:13+00:00,recs_rank_v7,72
1219,75,catalog,7,,2026-02-02T04:48:05+00:00,recs_rank_v3,79
1220,133,catalog,23,,2026-01-09T22:43:38+00:00,recs_rank_v3,56
1221,589,catalog,13,,2026-02-18T19:24:15+00:00,recs_rank_v6,80
1222,240,catalog,14,,2026-01-29T12:35:28+00:00,recs_rank_v6,76
1223,494,item,23,68,2026-01-27T18:02:17+00:00,recs_rank_v6,50
1224,575,catalog,10,,2026-02-09T11:34:35+00:00,recs_rank_v6,71
1225,113,catalog,,,2025-12-14T00:45:05+00:00,recs_rank_v6,98
1226,423,item,13,477,2026-01-25T03:39:34+00:00,recs_rank_v6,79
1227,116,catalog,14,,2025-12-19T19:55:32+00:00,recs_rank_v6,79
1228,233,catalog,11,,2026-02-10T12:08:16+00:00,recs_rank_v6,79
1229,74,catalog,10,,2025-12-12T01:20:20+00:00,recs_rank_v6,55
1230,236,catalog,20,,2025-12-25T07:40:05+00:00,recs_rank_v2,77
1231,317,cart,15,1147,2026-02-12T21:41:08+00:00,recs_rank_v6,25
1232,371,catalog,3,,2026-02-27T15:55:30+00:00,recs_rank_v6,97
1233,374,cart,,617,2026-01-10T15:19:00+00:00,recs_rank_v6,91
1234,521,catalog,8,,2025-12-17T12:01:05+00:00,recs_rank_v4,84
1235,19,catalog,7,,2026-01-05T14:53:06+00:00,recs_rank_v6,135
1236,579,catalog,11,,2025-12-22T20:17:37+00:00,recs_rank_v6,47
1237,160,catalog,6,,2026-01-03T23:15:41+00:00,recs_rank_v8,19
1238,297,catalog,6,,2026-01-28T15:06:07+00:00,recs_rank_v6,26
1239,76,item,5,117,2026-03-01T09:35:39+00:00,recs_rank_v6,75
1240,317,catalog,24,,2025-12-22T22:28:31+00:00,recs_rank_v6,85
1241,408,catalog,9,,2026-01-24T14:29:14+00:00,recs_rank_v6,80
1242,435,item,8,850,2026-01-24T05:34:10+00:00,recs_rank_v6,92
1243,99,catalog,6,,2025-12-23T15:58:09+00:00,recs_rank_v6,50
1244,353,catalog,16,,2026-02-24T23:47:51+00:00,recs_rank_v1,40
1245,249,catalog,18,,2026-01-27T08:43:20+00:00,recs_rank_v6,88
1246,418,item,7,480,2026-01-21T23:00:13+00:00,recs_rank_v6,63
1247,322,catalog,3,,2026-02-26T19:37:25+00:00,recs_rank_v4,85
1248,132,item,7,41,2026-03-02T08:32:56+00:00,recs_rank_v6,75
1249,355,catalog,6,,2026-01-22T02:30:02+00:00,recs_rank_v5,87
1250,116,catalog,6,,2026-01-30T07:10:14+00:00,recs_rank_v6,86
1251,158,cart,6,493,2026-02-16T13:40:07+00:00,recs_rank_v4,80
1252,121,item,23,1193,2025-12-13T16:38:52+00:00,recs_rank_v6,94
1253,56,catalog,23,,2026-01-25T03:27:35+00:00,recs_rank_v2,78
1254,491,catalog,21,,2026-02-04T19:20:18+00:00,recs_rank_v6,46
1255,408,catalog,,,2026-02-10T15:45:15+00:00,recs_rank_v6,100
1256,578,catalog,12,,2025-12-12T18:45:24+00:00,recs_rank_v6,110
1257,541,cart,12,825,2026-01-01T18:17:21+00:00,recs_rank_v6,36
1258,315,catalog,1,,2026-02-01T11:20:44+00:00,recs_rank_v6,43
1259,377,catalog,7,,2025-12-09T09:11:24+00:00,recs_rank_v6,43
1260,336,cart,,947,2026-01-17T01:29:34+00:00,recs_rank_v2,77
1261,47,cart,2,655,2026-01-30T09:36:47+00:00,recs_rank_v1,60
1262,200,catalog,,,2025-12-11T02:03:38+00:00,recs_rank_v6,86
1263,333,catalog,9,,2025-12-09T10:01:56+00:00,recs_rank_v6,59
1264,211,catalog,19,,2026-01-10T10:20:08+00:00,recs_rank_v1,126
1265,278,item,7,253,2026-01-22T09:03:34+00:00,recs_rank_v7,74
1266,212,catalog,5,,2026-01-13T16:31:39+00:00,recs_rank_v4,105
1267,376,catalog,2,,2026-01-30T00:29:08+00:00,recs_rank_v6,43
1268,413,item,7,1199,2026-01-14T03:58:24+00:00,recs_rank_v6,48
1269,40,catalog,10,,2025-12-10T17:37:53+00:00,recs_rank_v3,58
1270,293,catalog,,,2026-01-23T17:12:56+00:00,recs_rank_v4,47
1271,189,catalog,2,,2026-02-09T06:59:23+00:00,recs_rank_v6,106
1272,553,catalog,12,,2025-12-19T01:08:17+00:00,recs_rank_v2,98
1273,7,item,6,205,2025-12-26T21:36:10+00:00,recs_rank_v6,77
1274,359,catalog,18,,2026-02-04T16:53:24+00:00,recs_rank_v6,69
1275,447,item,16,108,2026-01-26T11:42:52+00:00,recs_rank_v6,107
1276,246,catalog,17,,2025-12-02T17:09:05+00:00,recs_rank_v2,90
1277,520,cart,,1029,2026-01-31T11:32:06+00:00,recs_rank_v6,78
1278,249,catalog,20,,2026-01-14T17:41:42+00:00,recs_rank_v6,52
1279,189,catalog,7,,2026-01-29T13:16:28+00:00,recs_rank_v5,51
1280,541,catalog,9,,2026-02-22T23:38:46+00:00,recs_rank_v6,46
1281,368,catalog,,,2026-01-31T07:27:15+00:00,recs_rank_v6,75
1282,411,catalog,6,,2026-02-11T01:28:12+00:00,recs_rank_v6,64
1283,15,cart,,486,2026-01-31T23:58:11+00:00,recs_rank_v5,95
1284,590,catalog,,,2026-01-26T05:40:29+00:00,recs_rank_v6,56
1285,236,item,4,1024,2025-12-31T15:50:24+00:00,recs_rank_v6,85
1286,109,catalog,19,,2026-02-23T20:52:33+00:00,recs_rank_v8,86
1287,513,catalog,24,,2026-02-16T04:32:57+00:00,recs_rank_v6,62
1288,510,item,5,143,2026-02-21T01:25:29+00:00,recs_rank_v7,121
1289,502,catalog,17,,2025-12-13T10:54:58+00:00,recs_rank_v3,58
1290,57,item,4,26,2025-12-16T14:31:01+00:00,recs_rank_v8,137
1291,134,cart,,,2026-01-12T17:30:57+00:00,recs_rank_v8,71
1292,464,cart,6,494,2025-12-08T21:40:17+00:00,recs_rank_v6,56
1293,414,catalog,,,2026-01-03T09:40:55+00:00,recs_rank_v8,73
1294,12,cart,17,,2025-12-30T11:56:09+00:00,recs_rank_v6,56
1295,568,catalog,11,,2025-12-22T23:27:17+00:00,recs_rank_v6,74
1296,441,catalog,1,,2026-01-04T17:36:53+00:00,recs_rank_v6,68
1297,82,catalog,17,,2026-01-24T07:01:27+00:00,recs_rank_v6,68
1298,219,cart,4,459,2026-02-05T10:26:50+00:00,recs_rank_v6,68
1299,166,item,6,164,2025-12-12T23:47:30+00:00,recs_rank_v2,69
1300,77,cart,23,499,2025-12-29T02:46:52+00:00,recs_rank_v2,85
1301,88,catalog,1,,2025-12-20T17:12:50+00:00,recs_rank_v5,79
1302,217,cart,21,857,2025-12-13T15:35:21+00:00,recs_rank_v6,75
1303,522,item,12,396,2025-12-07T08:01:48+00:00,recs_rank_v6,65
1304,131,catalog,16,,2026-01-22T09:28:57+00:00,recs_rank_v5,41
1305,247,catalog,12,,2025-12-12T05:40:25+00:00,recs_rank_v6,73
1306,497,catalog,3,,2026-01-21T05:04:26+00:00,recs_rank_v6,61
1307,318,catalog,,,2026-01-27T23:47:45+00:00,recs_rank_v6,57
1308,462,catalog,16,,2025-12-09T07:04:50+00:00,recs_rank_v1,58
1309,78,item,17,543,2026-01-28T11:36:30+00:00,recs_rank_v6,45
1310,226,item,14,892,2025-12-30T10:41:35+00:00,recs_rank_v5,79
1311,433,cart,11,867,2025-12-28T13:31:38+00:00,recs_rank_v4,88
1312,304,item,13,741,2026-02-13T17:11:16+00:00,recs_rank_v3,111
1313,547,item,20,323,2026-02-24T17:15:40+00:00,recs_rank_v6,77
1314,446,catalog,14,,2025-12-09T12:04:59+00:00,recs_rank_v6,65
1315,461,item,13,537,2025-12-27T21:37:41+00:00,recs_rank_v6,77
1316,56,catalog,12,,2026-02-27T06:28:49+00:00,recs_rank_v3,57
1317,508,catalog,7,,2026-01-22T20:28:06+00:00,recs_rank_v6,81
1318,395,catalog,20,,2026-01-24T10:20:50+00:00,recs_rank_v2,80
1319,343,catalog,,,2026-02-26T04:12:56+00:00,recs_rank_v6,94
1320,491,catalog,24,,2026-01-05T20:32:58+00:00,recs_rank_v6,66
1321,325,catalog,2,,2026-01-14T03:33:40+00:00,recs_rank_v6,92
1322,282,item,13,614,2025-12-28T13:24:21+00:00,recs_rank_v6,73
1323,173,cart,16,,2026-01-28T06:59:27+00:00,recs_rank_v6,75
1324,535,catalog,4,,2025-12-17T02:18:22+00:00,recs_rank_v6,127
1325,190,catalog,9,,2025-12-04T15:56:25+00:00,recs_rank_v6,60
1326,214,catalog,1,,2026-02-27T14:38:11+00:00,recs_rank_v6,68
1327,303,cart,21,431,2026-01-11T13:59:24+00:00,recs_rank_v7,98
1328,366,catalog,,,2026-02-18T20:45:48+00:00,recs_rank_v6,108
1329,82,catalog,17,,2026-01-08T01:20:26+00:00,recs_rank_v6,98
1330,468,catalog,24,,2026-01-21T10:27:03+00:00,recs_rank_v8,69
1331,117,catalog,3,,2026-02-19T02:05:52+00:00,recs_rank_v6,59
1332,224,catalog,,,2026-01-23T22:18:10+00:00,recs_rank_v6,71
1333,51,catalog,4,,2026-01-17T07:25:38+00:00,recs_rank_v8,58
1334,395,item,3,853,2026-02-12T09:47:28+00:00,recs_rank_v5,62
1335,18,item,16,1052,2026-02-28T18:31:24+00:00,recs_rank_v6,60
1336,472,item,9,1066,2026-02-01T22:44:09+00:00,recs_rank_v6,50
1337,422,catalog,20,,2026-02-08T10:17:40+00:00,recs_rank_v8,70
1338,116,catalog,6,,2026-02-28T15:08:45+00:00,recs_rank_v6,77
1339,147,item,14,795,2026-02-05T07:34:54+00:00,recs_rank_v6,72
1340,313,catalog,1,,2025-12-29T19:07:47+00:00,recs_rank_v6,75
1341,368,cart,12,194,2026-02-19T00:35:59+00:00,recs_rank_v6,90
1342,104,catalog,,,2025-12-30T23:59:25+00:00,recs_rank_v6,115
1343,584,item,6,232,2026-02-12T11:12:16+00:00,recs_rank_v6,48
1344,255,catalog,1,,2026-01-21T04:47:30+00:00,recs_rank_v6,93
1345,509,item,13,852,2025-12-02T09:55:09+00:00,recs_rank_v5,45
1346,14,cart,,,2026-01-21T02:52:25+00:00,recs_rank_v6,85
1347,481,item,17,421,2026-02-13T02:00:59+00:00,recs_rank_v6,45
1348,490,catalog,4,,2025-12-06T15:01:08+00:00,recs_rank_v6,74
1349,536,item,9,1166,2026-02-04T19:47:22+00:00,recs_rank_v1,37
1350,41,item,5,457,2026-01-11T19:38:00+00:00,recs_rank_v6,26
1351,187,catalog,4,,2026-01-19T09:43:29+00:00,recs_rank_v6,74
1352,476,catalog,8,,2026-02-15T07:48:13+00:00,recs_rank_v4,48
1353,284,item,2,649,2025-12-16T17:40:31+00:00,recs_rank_v5,102
1354,272,item,10,750,2025-12-11T16:21:24+00:00,recs_rank_v6,52
1355,273,cart,4,1191,2025-12-15T14:57:06+00:00,recs_rank_v6,77
1356,242,catalog,6,,2026-01-02T02:02:28+00:00,recs_rank_v6,59
1357,86,catalog,6,,2025-12-05T03:59:28+00:00,recs_rank_v3,58
1358,134,catalog,13,,2026-01-06T20:55:46+00:00,recs_rank_v6,96
1359,93,catalog,3,,2025-12-13T06:40:25+00:00,recs_rank_v8,76
1360,137,item,23,192,2025-12-10T16:06:47+00:00,recs_rank_v6,42
1361,571,item,3,470,2026-01-10T04:36:38+00:00,recs_rank_v5,77
1362,246,item,11,949,2026-02-02T14:46:13+00:00,recs_rank_v3,92
1363,60,catalog,2,,2026-01-07T11:20:02+00:00,recs_rank_v4,60
1364,295,catalog,18,,2026-02-14T15:04:51+00:00,recs_rank_v6,90
1365,501,catalog,7,,2026-01-28T22:04:55+00:00,recs_rank_v6,103
1366,107,item,23,22,2025-12-05T00:26:44+00:00,recs_rank_v4,61
1367,534,catalog,,,2026-01-21T21:53:22+00:00,recs_rank_v6,48
1368,594,item,4,473,2025-12-13T02:33:41+00:00,recs_rank_v6,90
1369,445,item,2,828,2025-12-29T08:24:32+00:00,recs_rank_v6,74
1370,71,catalog,10,,2025-12-19T15:57:45+00:00,recs_rank_v6,78
1371,23,item,7,15,2026-01-06T19:46:25+00:00,recs_rank_v6,110
1372,247,cart,12,18,2026-02-17T21:39:21+00:00,recs_rank_v8,90
1373,160,catalog,6,,2026-02-01T20:57:40+00:00,recs_rank_v6,90
1374,264,catalog,17,,2025-12-08T02:07:59+00:00,recs_rank_v6,81
1375,293,catalog,4,,2025-12-31T22:34:20+00:00,recs_rank_v6,76
1376,159,catalog,19,,2026-01-01T12:19:38+00:00,recs_rank_v5,62
1377,110,item,6,604,2025-12-11T16:07:04+00:00,recs_rank_v6,79
1378,321,item,16,108,2025-12-10T15:10:03+00:00,recs_rank_v6,105
1379,507,catalog,20,,2025-12-11T13:14:30+00:00,recs_rank_v3,40
1380,271,catalog,,,2026-02-19T05:50:22+00:00,recs_rank_v7,86
1381,216,item,8,318,2025-12-10T04:22:31+00:00,recs_rank_v6,70
1382,80,catalog,22,,2026-02-14T01:10:58+00:00,recs_rank_v6,80
1383,512,catalog,14,,2026-01-10T19:56:15+00:00,recs_rank_v6,93
1384,280,cart,11,,2025-12-13T09:16:59+00:00,recs_rank_v6,64
1385,72,catalog,7,,2026-02-28T02:46:05+00:00,recs_rank_v6,69
1386,328,item,23,822,2025-12-30T13:59:48+00:00,recs_rank_v6,26
1387,337,cart,,939,2026-01-30T15:27:41+00:00,recs_rank_v8,97
1388,316,item,6,529,2026-01-16T08:49:12+00:00,recs_rank_v2,117
1389,65,catalog,4,,2026-01-03T03:07:54+00:00,recs_rank_v6,67
1390,324,catalog,1,,2026-02-23T13:56:50+00:00,recs_rank_v6,73
1391,326,cart,24,,2026-02-16T05:37:16+00:00,recs_rank_v6,69
1392,383,catalog,18,,2026-01-08T18:10:43+00:00,recs_rank_v6,79
1393,494,catalog,,,2026-01-16T17:16:55+00:00,recs_rank_v7,38
1394,361,cart,20,915,2025-12-07T07:38:25+00:00,recs_rank_v6,45
1395,534,catalog,3,,2025-12-09T09:49:45+00:00,recs_rank_v8,79
1396,282,item,7,195,2026-02-28T14:14:06+00:00,recs_rank_v6,114
1397,167,item,22,864,2026-02-27T04:55:00+00:00,recs_rank_v6,81
1398,139,catalog,18,,2026-02-26T19:54:31+00:00,recs_rank_v6,76
1399,494,cart,9,557,2026-01-24T02:18:42+00:00,recs_rank_v4,89
1400,164,catalog,20,,2026-01-09T09:55:15+00:00,recs_rank_v6,96
1401,346,catalog,12,,2026-01-01T06:07:04+00:00,recs_rank_v4,120
1402,219,catalog,13,,2026-01-07T03:02:28+00:00,recs_rank_v6,102
1403,503,item,7,95,2026-02-17T05:21:21+00:00,recs_rank_v6,99
1404,166,catalog,11,,2025-12-27T22:18:06+00:00,recs_rank_v6,56
1405,138,catalog,16,,2026-01-14T14:05:58+00:00,recs_rank_v6,97
1406,516,cart,2,,2026-01-22T11:59:35+00:00,recs_rank_v1,60
1407,521,catalog,18,,2025-12-11T02:17:51+00:00,recs_rank_v7,77
1408,530,catalog,,,2026-01-15T14:32:53+00:00,recs_rank_v6,53
1409,306,catalog,10,,2025-12-25T10:00:32+00:00,recs_rank_v6,76
1410,61,item,5,485,2026-02-05T11:45:58+00:00,recs_rank_v6,81
1411,551,catalog,13,,2026-02-14T17:19:17+00:00,recs_rank_v6,82
1412,194,item,14,360,2026-01-16T14:27:50+00:00,recs_rank_v5,73
1413,169,cart,,,2025-12-07T23:07:35+00:00,recs_rank_v6,85
1414,105,catalog,,,2025-12-05T22:54:28+00:00,recs_rank_v5,53
1415,171,catalog,4,,2026-01-01T05:56:55+00:00,recs_rank_v6,91
1416,345,catalog,7,,2025-12-05T19:19:22+00:00,recs_rank_v4,78
1417,477,cart,7,,2026-01-19T17:29:55+00:00,recs_rank_v6,32
1418,154,item,22,793,2026-01-29T19:07:49+00:00,recs_rank_v1,91
1419,234,item,18,569,2026-01-25T04:10:54+00:00,recs_rank_v1,52
1420,74,item,7,353,2025-12-24T11:07:52+00:00,recs_rank_v6,66
1421,425,item,5,866,2026-02-22T10:02:21+00:00,recs_rank_v6,110
1422,384,catalog,6,,2026-01-07T00:08:00+00:00,recs_rank_v5,61
1423,190,catalog,21,,2025-12-25T08:15:19+00:00,recs_rank_v6,69
1424,203,item,16,1160,2026-02-21T20:55:59+00:00,recs_rank_v6,108
1425,404,item,19,576,2025-12-04T08:51:29+00:00,recs_rank_v6,64
1426,209,catalog,22,,2026-01-31T23:10:42+00:00,recs_rank_v6,69
1427,97,item,5,1094,2025-12-25T10:35:12+00:00,recs_rank_v1,91
1428,191,catalog,19,,2026-02-14T05:50:03+00:00,recs_rank_v6,35
1429,221,catalog,13,,2026-02-08T12:51:56+00:00,recs_rank_v6,55
1430,94,catalog,16,,2025-12-17T14:17:39+00:00,recs_rank_v6,62
1431,469,cart,20,,2026-02-22T19:50:50+00:00,recs_rank_v6,81
1432,76,catalog,18,,2025-12-09T12:35:15+00:00,recs_rank_v6,66
1433,516,catalog,21,,2026-01-12T20:39:44+00:00,recs_rank_v6,88
1434,358,cart,22,560,2026-01-10T16:29:54+00:00,recs_rank_v6,57
1435,118,item,18,599,2025-12-25T22:26:31+00:00,recs_rank_v6,65
1436,433,item,23,393,2025-12-20T22:02:22+00:00,recs_rank_v6,65
1437,524,cart,23,,2026-01-08T08:07:11+00:00,recs_rank_v4,61
1438,128,catalog,7,,2026-03-02T05:15:46+00:00,recs_rank_v7,40
1439,399,item,17,664,2026-01-20T11:06:46+00:00,recs_rank_v6,83
1440,256,catalog,1,,2026-01-17T23:26:13+00:00,recs_rank_v6,64
1441,381,catalog,9,,2026-02-07T21:12:47+00:00,recs_rank_v4,48
1442,306,item,20,414,2026-03-01T02:26:09+00:00,recs_rank_v6,91
1443,364,item,7,588,2025-12-15T19:19:58+00:00,recs_rank_v6,93
1444,71,catalog,4,,2026-02-18T08:07:09+00:00,recs_rank_v7,86
1445,204,cart,19,1042,2026-01-16T05:26:54+00:00,recs_rank_v6,70
1446,41,cart,8,,2025-12-30T23:13:06+00:00,recs_rank_v6,60
1447,530,catalog,18,,2026-01-17T19:53:12+00:00,recs_rank_v2,96
1448,306,catalog,14,,2026-02-13T06:04:09+00:00,recs_rank_v1,100
1449,456,catalog,8,,2025-12-18T23:52:02+00:00,recs_rank_v8,63
1450,204,catalog,,,2026-02-09T22:51:03+00:00,recs_rank_v6,40
1451,492,catalog,11,,2025-12-03T10:41:32+00:00,recs_rank_v1,95
1452,247,catalog,12,,2026-02-11T10:15:13+00:00,recs_rank_v6,76
1453,581,item,10,474,2026-01-26T11:08:35+00:00,recs_rank_v6,54
1454,568,item,14,758,2026-01-01T01:37:23+00:00,recs_rank_v6,83
1455,16,item,22,292,2026-02-20T13:19:49+00:00,recs_rank_v6,71
1456,571,catalog,15,,2025-12-26T07:52:01+00:00,recs_rank_v6,78
1457,395,catalog,2,,2025-12-22T11:41:10+00:00,recs_rank_v6,62
1458,9,item,20,1014,2025-12-26T22:13:45+00:00,recs_rank_v6,67
1459,274,catalog,17,,2026-02-06T01:37:17+00:00,recs_rank_v6,76
1460,332,catalog,7,,2026-02-22T11:40:20+00:00,recs_rank_v6,37
1461,513,item,15,909,2025-12-07T06:21:13+00:00,recs_rank_v4,62
1462,567,catalog,2,,2026-01-19T20:29:15+00:00,recs_rank_v3,49
1463,298,item,3,833,2025-12-16T15:03:59+00:00,recs_rank_v6,39
1464,525,catalog,3,,2025-12-24T22:53:41+00:00,recs_rank_v2,37
1465,529,cart,6,,2026-02-03T13:41:57+00:00,recs_rank_v5,86
1466,312,item,18,913,2026-01-05T04:26:05+00:00,recs_rank_v6,80
1467,319,item,10,1101,2025-12-04T04:34:34+00:00,recs_rank_v6,88
1468,426,cart,,,2026-02-03T14:34:44+00:00,recs_rank_v6,59
1469,482,item,3,93,2026-01-24T07:15:16+00:00,recs_rank_v6,65
1470,444,cart,,,2025-12-28T11:04:58+00:00,recs_rank_v6,70
1471,3,catalog,6,,2026-01-09T17:23:25+00:00,recs_rank_v6,67
1472,35,catalog,14,,2026-02-07T15:22:47+00:00,recs_rank_v2,51
1473,465,item,14,1190,2026-01-16T15:08:58+00:00,recs_rank_v5,112
1474,156,item,9,1066,2026-02-19T05:07:55+00:00,recs_rank_v6,70
1475,600,catalog,3,,2025-12-30T06:34:21+00:00,recs_rank_v8,93
1476,212,item,7,986,2026-02-03T03:49:22+00:00,recs_rank_v4,63
1477,53,catalog,9,,2026-02-22T14:00:12+00:00,recs_rank_v6,56
1478,98,catalog,20,,2025-12-21T08:36:31+00:00,recs_rank_v6,54
1479,157,catalog,15,,2025-12-23T15:34:36+00:00,recs_rank_v6,70
1480,366,catalog,11,,2025-12-24T15:59:58+00:00,recs_rank_v7,58
1481,504,item,3,1110,2026-02-02T11:16:40+00:00,recs_rank_v6,97
1482,204,catalog,,,2026-01-15T13:14:28+00:00,recs_rank_v6,65
1483,74,cart,12,73,2026-01-30T08:58:58+00:00,recs_rank_v6,111
1484,394,catalog,9,,2026-02-15T10:26:10+00:00,recs_rank_v6,92
1485,333,item,17,204,2025-12-24T09:47:06+00:00,recs_rank_v6,51
1486,431,catalog,15,,2026-02-02T08:29:42+00:00,recs_rank_v6,81
1487,205,item,2,863,2026-02-12T02:23:16+00:00,recs_rank_v2,98
1488,97,item,22,441,2026-01-06T14:17:03+00:00,recs_rank_v6,82
1489,420,item,7,463,2026-02-26T19:21:55+00:00,recs_rank_v4,70
1490,125,item,6,31,2026-02-11T20:05:03+00:00,recs_rank_v6,86
1491,561,catalog,,,2026-01-12T13:54:20+00:00,recs_rank_v6,38
1492,44,catalog,14,,2025-12-15T03:00:45+00:00,recs_rank_v7,102
1493,416,cart,,,2025-12-09T11:18:25+00:00,recs_rank_v7,72
1494,317,catalog,23,,2025-12-10T04:37:29+00:00,recs_rank_v6,101
1495,353,catalog,16,,2026-02-08T05:39:35+00:00,recs_rank_v6,109
1496,201,item,16,1160,2026-01-12T02:34:14+00:00,recs_rank_v6,83
1497,405,cart,16,864,2026-02-06T01:39:29+00:00,recs_rank_v6,73
1498,51,item,2,841,2026-02-14T04:12:57+00:00,recs_rank_v2,59
1499,311,catalog,15,,2025-12-27T10:20:42+00:00,recs_rank_v2,47
1500,409,catalog,16,,2026-01-13T23:29:59+00:00,recs_rank_v6,121
